No,Japanese,English,German,French,Korean,Simplified Chinese,Traditional Chinese,Generation,Form,H,A,B,C,D,S,Ability1,Ability2,Ability3,Type1,Type2,Weight,Evolve Flag
1,フシギダネ,Bulbasaur,Bisasam,Bulbizarre,이상해씨,妙蛙种子,妙蛙種子,1,-,45,49,49,65,65,45,しんりょく,-,ようりょくそ,くさ,どく,6.9,0
2,フシギソウ,Ivysaur,Bisaknosp,Herbizarre,이상해풀,妙蛙草,妙蛙草,1,-,60,62,63,80,80,60,しんりょく,-,ようりょくそ,くさ,どく,13,0
3,フシギバナ,Venusaur,Bisaflor,Florizarre,이상해꽃,妙蛙花,妙蛙花,1,-,80,82,83,100,100,80,しんりょく,-,ようりょくそ,くさ,どく,100,1
3,メガフシギバナ,Venusaur,Bisaflor,Florizarre,이상해꽃,妙蛙花,妙蛙花,6,メガシンカ,80,100,123,122,120,80,あついしぼう,-,-,くさ,どく,155.5,0
4,ヒトカゲ,Charmander,Glumanda,Salameche,파이리,小火龙,小火龍,1,-,39,52,43,60,50,65,もうか,-,サンパワー,ほのお,-,8.5,0
5,リザード,Charmeleon,Glutexo,Reptincel,리자드,火恐龙,火恐龍,1,-,58,64,58,80,65,80,もうか,-,サンパワー,ほのお,-,19,0
6,リザードン,Charizard,Glurak,Dracaufeu,리자몽,喷火龙,噴火龍,1,-,78,84,78,109,85,100,もうか,-,サンパワー,ほのお,ひこう,100.5,1
6,メガリザードンX,Charizard,Glurak,Dracaufeu,리자몽,喷火龙,噴火龍,6,メガシンカX,78,130,111,130,85,100,かたいツメ,-,-,ほのお,ドラゴン,110.5,1
6,メガリザードンY,Charizard,Glurak,Dracaufeu,리자몽,喷火龙,噴火龍,6,メガシンカY,78,104,78,159,115,100,ひでり,-,-,ほのお,ひこう,100.5,1
7,ゼニガメ,Squirtle,Schiggy,Carapuce,꼬부기,杰尼龟,傑尼龜,1,-,44,48,65,50,64,43,げきりゅう,-,あめうけざら,みず,-,9,0
8,カメール,Wartortle,Schillok,Carabaffe,어니부기,卡咪龟,卡咪龜,1,-,59,63,80,65,80,58,げきりゅう,-,あめうけざら,みず,-,22.5,0
9,カメックス,Blastoise,Turtok,Tortank,거북왕,水箭龟,水箭龜,1,-,79,83,100,85,105,78,げきりゅう,-,あめうけざら,みず,-,85.5,1
9,メガカメックス,Blastoise,Turtok,Tortank,거북왕,水箭龟,水箭龜,6,メガシンカ,79,103,120,135,115,78,メガランチャー,-,-,みず,-,101.1,1
10,キャタピー,Caterpie,Raupy,Chenipan,캐터피,绿毛虫,綠毛蟲,1,-,45,30,35,20,20,45,りんぷん,-,にげあし,むし,-,2.9,0
11,トランセル,Metapod,Safcon,Chrysacier,단데기,铁甲蛹,鐵甲蛹,1,-,50,20,55,25,25,30,だっぴ,-,-,むし,-,9.9,0
12,バタフリー,Butterfree,Smettbo,Papilusion,버터플,巴大蝶,巴大蝶,1,-,60,45,50,90,80,70,ふくがん,-,いろめがね,むし,ひこう,32,1
13,ビードル,Weedle,Hornliu,Aspicot,뿔충이,独角虫,獨角蟲,1,-,40,35,30,20,20,50,りんぷん,-,にげあし,むし,どく,3.2,0
14,コクーン,Kakuna,Kokuna,Coconfort,딱충이,铁壳蛹,鐵殼蛹,1,-,45,25,50,25,25,35,だっぴ,-,-,むし,どく,10,0
15,スピアー,Beedrill,Bibor,Dardagnan,독침붕,大针蜂,大針蜂,1,-,65,90,40,45,80,75,むしのしらせ,-,スナイパー,むし,どく,129.5,1
15,メガスピアー,Beedrill,Bibor,Dardagnan,독침붕,大针蜂,大針蜂,6,メガシンカ,65,150,40,15,80,145,てきおうりょく,-,-,むし,どく,40.5,1
16,ポッポ,Pidgey,Taubsi,Roucool,구구,波波,波波,1,-,40,45,40,35,35,56,するどいめ,ちどりあし,はとむね,ノーマル,ひこう,1.8,0
17,ピジョン,Pidgeotto,Tauboga,Roucoups,피죤,比比鸟,比比鳥,1,-,63,60,55,50,50,71,するどいめ,ちどりあし,はとむね,ノーマル,ひこう,30,0
18,ピジョット,Pidgeot,Tauboss,Roucarnage,피죤투,大比鸟,大比鳥,1,-,83,80,75,70,70,91,するどいめ,ちどりあし,はとむね,ノーマル,ひこう,39.5,1
18,メガピジョット,Pidgeot,Tauboss,Roucarnage,피죤투,大比鸟,大比鳥,6,メガシンカ,83,80,80,135,80,121,ノーガード,-,-,ノーマル,ひこう,50.5,1
19,コラッタ,Rattata,Rattfratz,Rattata,꼬렛,小拉达,小拉達,1,-,30,56,35,25,35,72,にげあし,こんじょう,はりきり,ノーマル,-,3.5,0
19,コラッタ,Rattata,Rattfratz,Rattata,꼬렛,小拉达,小拉達,1,アローラのすがた,30,56,35,25,25,72,くいしんぼう,はりきり,あついしぼう,あく,ノーマル,3.8,0
20,ラッタ,Raticate,Rattikarl,Rattatac,레트라,拉达,拉達,1,-,55,81,60,50,70,97,にげあし,こんじょう,はりきり,ノーマル,-,18.5,1
20,ラッタ,Raticate,Rattikarl,Rattatac,레트라,拉达,拉達,1,アローラのすがた,75,71,70,40,80,77,くいしんぼう,はりきり,あついしぼう,あく,ノーマル,25.5,1
21,オニスズメ,Spearow,Habitak,Piafabec,깨비참,烈雀,烈雀,1,-,40,60,30,31,31,70,するどいめ,-,スナイパー,ノーマル,ひこう,2,0
22,オニドリル,Fearow,Ibitak,Rapasdepic,깨비드릴조,大嘴雀,大嘴雀,1,-,65,90,65,61,61,100,するどいめ,-,スナイパー,ノーマル,ひこう,38,1
23,アーボ,Ekans,Rettan,Abo,아보,阿柏蛇,阿柏蛇,1,-,35,60,44,40,54,55,いかく,だっぴ,きんちょうかん,どく,-,6.9,0
24,アーボック,Arbok,Arbok,Arbok,아보크,阿柏怪,阿柏怪,1,-,60,95,69,65,79,80,いかく,だっぴ,きんちょうかん,どく,-,65,1
25,ピカチュウ,Pikachu,Pikachu,Pikachu,피카츄,皮卡丘,皮卡丘,1,-,35,55,40,50,50,90,せいでんき,-,ひらいしん,でんき,-,6,0
26,ライチュウ,Raichu,Raichu,Raichu,라이츄,雷丘,雷丘,1,-,60,90,55,90,80,110,せいでんき,-,ひらいしん,でんき,-,30,1
26,ライチュウ,Raichu,Raichu,Raichu,라이츄,雷丘,雷丘,1,アローラのすがた,60,85,50,95,85,110,サーフテール,-,-,でんき,エスパー,21,1
27,サンド,Sandshrew,Sandan,Sabelette,모래두지,穿山鼠,穿山鼠,1,-,50,75,85,20,30,40,すながくれ,-,すなかき,じめん,-,12,0
27,サンド,Sandshrew,Sandan,Sabelette,모래두지,穿山鼠,穿山鼠,1,アローラのすがた,50,75,90,10,35,40,ゆきがくれ,-,ゆきかき,こおり,はがね,40,0
28,サンドパン,Sandslash,Sandamer,Sablaireau,고지,穿山王,穿山王,1,-,75,100,110,45,55,65,すながくれ,-,すなかき,じめん,-,29.5,1
28,サンドパン,Sandslash,Sandamer,Sablaireau,고지,穿山王,穿山王,1,アローラのすがた,75,100,120,25,65,65,ゆきがくれ,-,ゆきかき,こおり,はがね,55,1
29,ニドラン♀,Nidoran♀,Nidoran♀,Nidoran♀,니드런♀,尼多兰,尼多蘭,1,-,55,47,52,40,40,41,どくのトゲ,とうそうしん,はりきり,どく,-,7,0
30,ニドリーナ,Nidorina,Nidorina,Nidorina,니드리나,尼多娜,尼多娜,1,-,70,62,67,55,55,56,どくのトゲ,とうそうしん,はりきり,どく,-,20,0
31,ニドクイン,Nidoqueen,Nidoqueen,Nidoqueen,니드퀸,尼多后,尼多后,1,-,90,92,87,75,85,76,どくのトゲ,とうそうしん,ちからずく,どく,じめん,60,1
32,ニドラン♂,Nidoran♂,Nidoran♂,Nidoran♂,니드런♂,尼多朗,尼多朗,1,-,46,57,40,40,40,50,どくのトゲ,とうそうしん,はりきり,どく,-,9,0
33,ニドリーノ,Nidorino,Nidorino,Nidorino,니드리노,尼多力诺,尼多力諾,1,-,61,72,57,55,55,65,どくのトゲ,とうそうしん,はりきり,どく,-,19.5,0
34,ニドキング,Nidoking,Nidoking,Nidoking,니드킹,尼多王,尼多王,1,-,81,102,77,85,75,85,どくのトゲ,とうそうしん,ちからずく,どく,じめん,62,1
35,ピッピ,Clefairy,Piepi,Melofee,삐삐,皮皮,皮皮,1,-,70,45,48,60,65,35,メロメロボディ,マジックガード,フレンドガード,フェアリー,-,7,0
36,ピクシー,Clefable,Pixi,Melodelfe,픽시,皮可西,皮可西,1,-,95,70,73,95,90,60,メロメロボディ,マジックガード,てんねん,フェアリー,-,40,1
37,ロコン,Vulpix,Vulpix,Goupix,식스테일,六尾,六尾,1,-,38,41,40,50,65,65,もらいび,-,ひでり,ほのお,-,9.9,0
37,ロコン,Vulpix,Vulpix,Goupix,식스테일,六尾,六尾,1,アローラのすがた,38,41,40,50,65,65,ゆきがくれ,-,ゆきふらし,こおり,-,9.9,0
38,キュウコン,Ninetales,Vulnona,Feunard,나인테일,九尾,九尾,1,-,73,76,75,81,100,100,もらいび,-,ひでり,ほのお,-,19.9,1
38,キュウコン,Ninetales,Vulnona,Feunard,나인테일,九尾,九尾,1,アローラのすがた,73,67,75,81,100,109,ゆきがくれ,-,ゆきふらし,こおり,フェアリー,19.9,1
39,プリン,Jigglypuff,Pummeluff,Rondoudou,푸린,胖丁,胖丁,1,-,115,45,20,45,25,20,メロメロボディ,かちき,フレンドガード,ノーマル,フェアリー,5.5,0
40,プクリン,Wigglytuff,Knuddeluff,Grodoudou,푸크린,胖可丁,胖可丁,1,-,140,70,45,95,50,45,メロメロボディ,かちき,おみとおし,ノーマル,フェアリー,12,1
41,ズバット,Zubat,Zubat,Nosferapti,주뱃,超音蝠,超音蝠,1,-,40,45,35,30,40,55,せいしんりょく,-,すりぬけ,どく,ひこう,7.5,0
42,ゴルバット,Golbat,Golbat,Nosferalto,골뱃,大嘴蝠,大嘴蝠,1,-,75,80,70,65,75,90,せいしんりょく,-,すりぬけ,どく,ひこう,55,0
43,ナゾノクサ,Oddish,Myrapla,Mystherbe,뚜벅쵸,走路草,走路草,1,-,45,50,55,75,65,30,ようりょくそ,-,にげあし,くさ,どく,5.4,0
44,クサイハナ,Gloom,Duflor,Ortide,냄새꼬,臭臭花,臭臭花,1,-,60,65,70,85,75,40,ようりょくそ,-,あくしゅう,くさ,どく,8.6,0
45,ラフレシア,Vileplume,Giflor,Rafflesia,라플레시아,霸王花,霸王花,1,-,75,80,85,110,90,50,ようりょくそ,-,ほうし,くさ,どく,18.6,1
46,パラス,Paras,Paras,Paras,파라스,派拉斯,派拉斯,1,-,35,70,55,45,55,25,ほうし,かんそうはだ,しめりけ,むし,くさ,5.4,0
47,パラセクト,Parasect,Parasek,Parasect,파라섹트,派拉斯特,派拉斯特,1,-,60,95,80,60,80,30,ほうし,かんそうはだ,しめりけ,むし,くさ,29.5,1
48,コンパン,Venonat,Bluzuk,Mimitoss,콘팡,毛球,毛球,1,-,60,55,50,40,55,45,ふくがん,いろめがね,にげあし,むし,どく,30,0
49,モルフォン,Venomoth,Omot,Aeromite,도나리,摩鲁蛾,摩魯蛾,1,-,70,65,60,90,75,90,りんぷん,いろめがね,ミラクルスキン,むし,どく,12.5,1
50,ディグダ,Diglett,Digda,Taupiqueur,디그다,地鼠,地鼠,1,-,10,55,25,35,45,95,すながくれ,ありじごく,すなのちから,じめん,-,0.8,0
50,ディグダ,Diglett,Digda,Taupiqueur,디그다,地鼠,地鼠,7,アローラのすがた,10,55,30,35,45,90,すながくれ,カーリーヘアー,すなのちから,じめん,-,0.8,0
51,ダグトリオ,Dugtrio,Digdri,Triopikeur,닥트리오,三地鼠,三地鼠,1,-,35,100,50,50,70,120,すながくれ,ありじごく,すなのちから,じめん,-,33.3,1
51,ダグトリオ,Dugtrio,Digdri,Triopikeur,닥트리오,三地鼠,三地鼠,7,アローラのすがた,35,80,50,50,70,120,すながくれ,カーリーヘアー,すなのちから,じめん,-,33.3,1
52,ニャース,Meowth,Mauzi,Miaouss,나옹,喵喵,喵喵,1,-,40,45,35,40,40,90,ものひろい,テクニシャン,きんちょうかん,ノーマル,-,4.2,0
52,ニャース,Meowth,Mauzi,Miaouss,나옹,喵喵,喵喵,7,アローラのすがた,40,35,35,50,40,90,ものひろい,テクニシャン,びびり,あく,-,4.2,0
53,ペルシアン,Persian,Snobilikat,Persian,페르시온,猫老大,貓老大,1,-,65,70,60,65,65,115,じゅうなん,テクニシャン,きんちょうかん,ノーマル,-,32,1
53,ペルシアン,Persian,Snobilikat,Persian,페르시온,猫老大,貓老大,7,アローラのすがた,65,60,60,75,65,115,ファーコート,テクニシャン,びびり,あく,-,33,1
54,コダック,Psyduck,Enton,Psykokwak,고라파덕,可达鸭,可達鴨,1,-,50,52,48,65,50,55,しめりけ,ノーてんき,すいすい,みず,-,19.6,0
55,ゴルダック,Golduck,Entoron,Akwakwak,골덕,哥达鸭,哥達鴨,1,-,80,82,78,95,80,85,しめりけ,ノーてんき,すいすい,みず,-,76.6,1
56,マンキー,Mankey,Menki,Ferosinge,망키,猴怪,猴怪,1,-,40,80,35,35,45,70,やるき,いかりのツボ,まけんき,かくとう,-,28,0
57,オコリザル,Primeape,Rasaff,Colossinge,성원숭,火暴猴,火爆猴,1,-,65,105,60,60,70,95,やるき,いかりのツボ,まけんき,かくとう,-,32,1
58,ガーディ,Growlithe,Fukano,Caninos,가디,卡蒂狗,卡蒂狗,1,-,55,70,45,70,50,60,いかく,もらいび,せいぎのこころ,ほのお,-,19,0
59,ウインディ,Arcanine,Arkani,Arcanin,윈디,风速狗,風速狗,1,-,90,110,80,100,80,95,いかく,もらいび,せいぎのこころ,ほのお,-,155,1
60,ニョロモ,Poliwag,Quapsel,Ptitard,발챙이,蚊香蝌蚪,蚊香蝌蚪,1,-,40,50,40,40,40,90,ちょすい,しめりけ,すいすい,みず,-,12.4,0
61,ニョロゾ,Poliwhirl,Quaputzi,Tetarte,수륙챙이,蚊香君,蚊香君,1,-,65,65,65,50,50,90,ちょすい,しめりけ,すいすい,みず,-,20,0
62,ニョロボン,Poliwrath,Quappo,Tartard,강챙이,蚊香泳士,蚊香泳士,1,-,90,95,95,70,90,70,ちょすい,しめりけ,すいすい,みず,かくとう,54,1
63,ケーシィ,Abra,Abra,Abra,캐이시,凯西,凱西,1,-,25,20,15,105,55,90,シンクロ,せいしんりょく,マジックガード,エスパー,-,19.5,0
64,ユンゲラー,Kadabra,Kadabra,Kadabra,윤겔라,勇基拉,勇基拉,1,-,40,35,30,120,70,105,シンクロ,せいしんりょく,マジックガード,エスパー,-,56.5,0
65,フーディン,Alakazam,Simsala,Alakazam,후딘,胡地,胡地,1,-,55,50,45,135,95,120,シンクロ,せいしんりょく,マジックガード,エスパー,-,48,1
65,メガフーディン,Alakazam,Simsala,Alakazam,후딘,胡地,胡地,6,メガシンカ,55,50,65,175,105,150,トレース,-,-,エスパー,-,48,1
66,ワンリキー,Machop,Machollo,Machoc,알통몬,腕力,腕力,1,-,70,80,50,35,35,35,こんじょう,ノーガード,ふくつのこころ,かくとう,-,19.5,0
67,ゴーリキー,Machoke,Maschock,Machopeur,근육몬,豪力,豪力,1,-,80,100,70,50,60,45,こんじょう,ノーガード,ふくつのこころ,かくとう,-,70.5,0
68,カイリキー,Machamp,Machomei,Mackogneur,괴력몬,怪力,怪力,1,-,90,130,80,65,85,55,こんじょう,ノーガード,ふくつのこころ,かくとう,-,130,1
69,マダツボミ,Bellsprout,Knofensa,Chetiflor,모다피,喇叭芽,喇叭芽,1,-,50,75,35,70,30,40,ようりょくそ,-,くいしんぼう,くさ,どく,4,0
70,ウツドン,Weepinbell,Ultrigaria,Boustiflor,우츠동,口呆花,口呆花,1,-,65,90,50,85,45,55,ようりょくそ,-,くいしんぼう,くさ,どく,6.4,0
71,ウツボット,Victreebel,Sarzenia,Empiflor,우츠보트,大食花,大食花,1,-,80,105,65,100,60,70,ようりょくそ,-,くいしんぼう,くさ,どく,15.5,1
72,メノクラゲ,Tentacool,Tentacha,Tentacool,왕눈해,玛瑙水母,瑪瑙水母,1,-,40,40,35,50,100,70,クリアボディ,ヘドロえき,あめうけざら,みず,どく,45.5,0
73,ドククラゲ,Tentacruel,Tentoxa,Tentacruel,독파리,毒刺水母,毒刺水母,1,-,80,70,65,80,120,100,クリアボディ,ヘドロえき,あめうけざら,みず,どく,55,1
74,イシツブテ,Geodude,Kleinstein,Racaillou,꼬마돌,小拳石,小拳石,1,-,40,80,100,30,30,20,いしあたま,がんじょう,すながくれ,いわ,じめん,20,0
74,イシツブテ,Geodude,Kleinstein,Racaillou,꼬마돌,小拳石,小拳石,7,アローラのすがた,40,80,100,30,30,20,じりょく,がんじょう,エレキスキン,いわ,でんき,20,0
75,ゴローン,Graveler,Georok,Gravalanch,데구리,隆隆石,隆隆石,1,-,55,95,115,45,45,35,いしあたま,がんじょう,すながくれ,いわ,じめん,105,0
75,ゴローン,Graveler,Georok,Gravalanch,데구리,隆隆石,隆隆石,7,アローラのすがた,55,95,115,45,45,35,じりょく,がんじょう,エレキスキン,いわ,でんき,105,0
76,ゴローニャ,Golem,Geowaz,Grolem,딱구리,隆隆岩,隆隆岩,1,-,80,120,130,55,65,45,いしあたま,がんじょう,すながくれ,いわ,じめん,300,1
76,ゴローニャ,Golem,Geowaz,Grolem,딱구리,隆隆岩,隆隆岩,7,アローラのすがた,80,120,130,55,65,45,じりょく,がんじょう,エレキスキン,いわ,でんき,300,1
77,ポニータ,Ponyta,Ponita,Ponyta,포니타,小火马,小火馬,1,-,50,85,55,65,65,90,にげあし,もらいび,ほのおのからだ,ほのお,-,30,0
78,ギャロップ,Rapidash,Gallopa,Galopa,날쌩마,烈焰马,烈焰馬,1,-,65,100,70,80,80,105,にげあし,もらいび,ほのおのからだ,ほのお,-,95,1
79,ヤドン,Slowpoke,Flegmon,Ramoloss,야돈,呆呆兽,呆呆獸,1,-,90,65,65,40,40,15,どんかん,マイペース,さいせいりょく,みず,エスパー,36,0
80,ヤドラン,Slowbro,Lahmus,Flagadoss,야도란,呆壳兽,呆殼獸,1,-,95,75,110,100,80,30,どんかん,マイペース,さいせいりょく,みず,エスパー,78.5,1
80,メガヤドラン,Slowbro,Lahmus,Flagadoss,야도란,呆壳兽,呆殼獸,6,メガシンカ,95,75,180,130,80,30,シェルアーマー,-,-,みず,エスパー,120,1
81,コイル,Magnemite,Magnetilo,Magneti,코일,小磁怪,小磁怪,1,-,25,35,70,95,55,45,じりょく,がんじょう,アナライズ,でんき,はがね,6,0
82,レアコイル,Magneton,Magneton,Magneton,레어코일,三合一磁怪,三合一磁怪,1,-,50,60,95,120,70,70,じりょく,がんじょう,アナライズ,でんき,はがね,60,0
83,カモネギ,Farfetch'd,Porenta,Canarticho,파오리,大葱鸭,大蔥鴨,1,-,52,90,55,58,62,60,するどいめ,せいしんりょく,まけんき,ノーマル,ひこう,15,1
84,ドードー,Doduo,Dodu,Doduo,두두,嘟嘟,嘟嘟,1,-,35,85,45,35,35,75,にげあし,はやおき,ちどりあし,ノーマル,ひこう,39.2,0
85,ドードリオ,Dodrio,Dodri,Dodrio,두트리오,嘟嘟利,嘟嘟利,1,-,60,110,70,60,60,110,にげあし,はやおき,ちどりあし,ノーマル,ひこう,85.2,1
86,パウワウ,Seel,Jurob,Otaria,쥬쥬,小海狮,小海獅,1,-,65,45,55,45,70,45,あついしぼう,うるおいボディ,アイスボディ,みず,-,90,0
87,ジュゴン,Dewgong,Jugong,Lamantine,쥬레곤,白海狮,白海獅,1,-,90,70,80,70,95,70,あついしぼう,うるおいボディ,アイスボディ,みず,こおり,120,1
88,ベトベター,Grimer,Sleima,Tadmorv,질퍽이,臭泥,臭泥,1,-,80,80,50,40,50,25,あくしゅう,ねんちゃく,どくしゅ,どく,-,30,0
88,ベトベター,Grimer,Sleima,Tadmorv,질퍽이,臭泥,臭泥,7,アローラのすがた,80,80,50,40,50,25,どくしゅ,くいしんぼう,かがくのちから,どく,あく,42,0
89,ベトベトン,Muk,Sleimok,Grotadmorv,질뻐기,臭臭泥,臭臭泥,1,-,105,105,75,65,100,50,あくしゅう,ねんちゃく,どくしゅ,どく,-,30,1
89,ベトベトン,Muk,Sleimok,Grotadmorv,질뻐기,臭臭泥,臭臭泥,7,アローラのすがた,105,105,75,65,100,50,どくしゅ,くいしんぼう,かがくのちから,どく,あく,52,1
90,シェルダー,Shellder,Muschas,Kokiyas,셀러,大舌贝,大舌貝,1,-,30,65,100,45,25,40,シェルアーマー,スキルリンク,ぼうじん,みず,-,4,0
91,パルシェン,Cloyster,Austos,Crustabri,파르셀,刺甲贝,刺甲貝,1,-,50,95,180,85,45,70,シェルアーマー,スキルリンク,ぼうじん,みず,こおり,132.5,1
92,ゴース,Gastly,Nebulak,Fantominus,고오스,鬼斯,鬼斯,1,-,30,35,30,100,35,80,ふゆう,-,-,ゴースト,どく,0.1,0
93,ゴースト,Haunter,Alpollo,Spectrum,고우스트,鬼斯通,鬼斯通,1,-,45,50,45,115,55,95,ふゆう,-,-,ゴースト,どく,0.1,0
94,ゲンガー,Gengar,Gengar,Ectoplasma,팬텀,耿鬼,耿鬼,1,-,60,65,60,130,75,110,のろわれボディ,-,-,ゴースト,どく,40.5,1
94,メガゲンガー,Gengar,Gengar,Ectoplasma,팬텀,耿鬼,耿鬼,6,メガシンカ,60,65,80,170,95,130,かげふみ,-,-,ゴースト,どく,40.5,1
95,イワーク,Onix,Onix,Onix,롱스톤,大岩蛇,大岩蛇,1,-,35,45,160,30,45,70,いしあたま,がんじょう,くだけるよろい,いわ,じめん,210,0
96,スリープ,Drowzee,Traumato,Soporifik,슬리프,催眠貘,催眠貘,1,-,60,48,45,43,90,42,ふみん,よちむ,せいしんりょく,エスパー,-,32.4,0
97,スリーパー,Hypno,Hypno,Hypnomade,슬리퍼,引梦貘人,引夢貘人,1,-,85,73,70,73,115,67,ふみん,よちむ,せいしんりょく,エスパー,-,75.6,1
98,クラブ,Krabby,Krabby,Krabby,크랩,大钳蟹,大鉗蟹,1,-,30,105,90,25,25,50,かいりきバサミ,シェルアーマー,ちからずく,みず,-,6.5,0
99,キングラー,Kingler,Kingler,Krabboss,킹크랩,巨钳蟹,巨鉗蟹,1,-,55,130,115,50,50,75,かいりきバサミ,シェルアーマー,ちからずく,みず,-,60,1
100,ビリリダマ,Voltorb,Voltobal,Voltorbe,찌리리공,霹雳电球,霹靂電球,1,-,40,30,50,55,55,100,ぼうおん,せいでんき,ゆうばく,でんき,-,10.4,0
101,マルマイン,Electrode,Lektrobal,Electrode,붐볼,顽皮雷弹,頑皮雷彈,1,-,60,50,70,80,80,150,ぼうおん,せいでんき,ゆうばく,でんき,-,66.6,1
102,タマタマ,Exeggcute,Owei,Noeunoeuf,아라리,蛋蛋,蛋蛋,1,-,60,40,80,60,45,40,ようりょくそ,-,しゅうかく,くさ,エスパー,2.5,0
103,ナッシー,Exeggutor,Kokowei,Noadkoko,나시,椰蛋树,椰蛋樹,1,-,95,95,85,125,75,55,ようりょくそ,-,しゅうかく,くさ,エスパー,120,1
103,ナッシー,Exeggutor,Kokowei,Noadkoko,나시,椰蛋树,椰蛋樹,1,アローラのすがた,95,105,85,125,75,45,おみとおし,-,しゅうかく,くさ,ドラゴン,415.6,1
104,カラカラ,Cubone,Tragosso,Osselait,탕구리,卡拉卡拉,卡拉卡拉,1,-,50,50,95,40,50,35,ひらいしん,いしあたま,カブトアーマー,じめん,-,6.5,0
105,ガラガラ,Marowak,Knogga,Ossatueur,텅구리,嘎啦嘎啦,嘎啦嘎啦,1,-,60,80,110,50,80,45,ひらいしん,いしあたま,カブトアーマー,じめん,-,45,1
105,ガラガラ,Marowak,Knogga,Ossatueur,텅구리,嘎啦嘎啦,嘎啦嘎啦,1,アローラのすがた,60,80,110,50,80,45,のろわれボディ,ひらいしん,いしあたま,ほのお,ゴースト,34,1
106,サワムラー,Hitmonlee,Kicklee,Kicklee,시라소몬,飞腿郎,飛腿郎,1,-,50,120,53,35,110,87,じゅうなん,すてみ,かるわざ,かくとう,-,49.8,1
107,エビワラー,Hitmonchan,Nockchan,Tygnon,홍수몬,快拳郎,快拳郎,1,-,50,105,79,35,110,76,するどいめ,てつのこぶし,せいしんりょく,かくとう,-,50.2,1
108,ベロリンガ,Lickitung,Schlurp,Excelangue,내루미,大舌头,大舌頭,1,-,90,55,75,60,75,30,マイペース,どんかん,のうてんき,ノーマル,-,65.5,0
109,ドガース,Koffing,Smogon,Smogo,또가스,瓦斯弹,瓦斯彈,1,-,40,65,95,60,45,35,ふゆう,-,-,どく,-,1,0
110,マタドガス,Weezing,Smogmog,Smogogo,또도가스,双弹瓦斯,雙彈瓦斯,1,-,65,90,120,85,70,60,ふゆう,-,-,どく,-,9.5,1
111,サイホーン,Rhyhorn,Rihorn,Rhinocorne,뿔카노,独角犀牛,獨角犀牛,1,-,80,85,95,30,30,25,-,-,-,じめん,いわ,115,0
112,サイドン,Rhydon,Rizeros,Rhinoferos,코뿌리,钻角犀兽,鑽角犀獸,1,-,105,130,120,45,45,40,ひらいしん,いしあたま,すてみ,じめん,いわ,120,0
113,ラッキー,Chansey,Chaneira,Leveinard,럭키,吉利蛋,吉利蛋,1,-,250,5,5,35,105,50,しぜんかいふく,てんのめぐみ,いやしのこころ,ノーマル,-,34.6,0
114,モンジャラ,Tangela,Tangela,Saquedeneu,덩구리,蔓藤怪,蔓藤怪,1,-,65,55,115,100,40,60,ようりょくそ,リーフガード,さいせいりょく,くさ,-,35,0
115,ガルーラ,Kangaskhan,Kangama,Kangourex,캥카,袋兽,袋獸,1,-,105,95,80,40,80,90,はやおき,きもったま,せいしんりょく,ノーマル,-,80,1
115,メガガルーラ,Kangaskhan,Kangama,Kangourex,캥카,袋兽,袋獸,6,メガシンカ,105,125,100,60,100,100,おやこあい,-,-,ノーマル,-,100,1
116,タッツー,Horsea,Seeper,Hypotrempe,쏘드라,墨海马,墨海馬,1,-,30,40,70,70,25,60,すいすい,スナイパー,しめりけ,みず,-,8,0
117,シードラ,Seadra,Seemon,Hypocean,시드라,海刺龙,海刺龍,1,-,55,65,95,95,45,85,どくのとげ,スナイパー,しめりけ,みず,-,25,0
118,トサキント,Goldeen,Goldini,Poissirene,콘치,角金鱼,角金魚,1,-,45,67,60,35,50,63,すいすい,みずのベール,ひらいしん,みず,-,15,0
119,アズマオウ,Seaking,Golking,Poissoroy,왕콘치,金鱼王,金魚王,1,-,80,92,65,65,80,68,すいすい,みずのベール,ひらいしん,みず,-,39,1
120,ヒトデマン,Staryu,Sterndu,Stari,별가사리,海星星,海星星,1,-,30,45,55,70,55,85,はっこう,しぜんかいふく,アナライズ,みず,-,34.5,0
121,スターミー,Starmie,Starmie,Staross,아쿠스타,宝石海星,寶石海星,1,-,60,75,85,100,85,115,はっこう,しぜんかいふく,アナライズ,みず,エスパー,80,1
122,バリヤード,Mr. Mime,Pantimos,M.Mime,마임맨,魔墙人偶,魔牆人偶,1,-,40,45,65,100,120,90,ぼうおん,フィルター,テクニシャン,エスパー,フェアリー,54.5,1
123,ストライク,Scyther,Sichlor,Insecateur,스라크,飞天螳螂,飛天螳螂,1,-,70,110,80,55,80,105,むしのしらせ,テクニシャン,ふくつのこころ,むし,ひこう,56,0
124,ルージュラ,Jynx,Rossana,Lippoutou,루주라,迷唇姐,迷唇姐,1,-,65,50,35,115,95,95,どんかん,よちむ,かんそうはだ,こおり,エスパー,40.6,1
125,エレブー,Electabuzz,Elektek,Elektek,에레브,电击兽,電擊獸,1,-,65,83,57,95,85,105,せいでんき,-,やるき,でんき,-,30,0
126,ブーバー,Magmar,Magmar,Magmar,마그마,鸭嘴火兽,鴨嘴火獸,1,-,65,95,57,100,85,93,ほのおのからだ,-,やるき,ほのお,-,44.5,0
127,カイロス,Pinsir,Pinsir,Scarabrute,쁘사이저,凯罗斯,凱羅斯,1,-,65,125,100,55,70,85,かいりきバサミ,かたやぶり,じしんかじょう,むし,-,55,1
127,メガカイロス,Pinsir,Pinsir,Scarabrute,쁘사이저,凯罗斯,凱羅斯,6,メガシンカ,65,155,120,65,90,105,スカイスキン,-,-,むし,ひこう,59,1
128,ケンタロス,Tauros,Tauros,Tauros,켄타로스,肯泰罗,肯泰羅,1,-,75,100,95,40,70,110,いかく,いかりのツボ,ちからずく,ノーマル,-,88.4,1
129,コイキング,Magikarp,Karpador,Magicarpe,잉어킹,鲤鱼王,鯉魚王,1,-,20,10,55,15,20,80,すいすい,-,びびり,みず,-,10,0
130,ギャラドス,Gyarados,Garados,Leviator,갸라도스,暴鲤龙,暴鯉龍,1,-,95,125,79,60,100,81,いかく,-,じしんかじょう,みず,ひこう,235,1
130,メガギャラドス,Gyarados,Garados,Leviator,갸라도스,暴鲤龙,暴鯉龍,6,メガシンカ,95,155,109,70,130,81,かたやぶり,-,-,みず,あく,305,1
131,ラプラス,Lapras,Lapras,Lokhlass,라프라스,拉普拉斯,拉普拉斯,1,-,130,85,80,85,95,60,ちょすい,シェルアーマー,うるおいボディ,みず,こおり,220,1
132,メタモン,Ditto,Ditto,Metamorph,메타몽,百变怪,百變怪,1,-,48,48,48,48,48,48,じゅうなん,-,かわりもの,ノーマル,-,4,1
133,イーブイ,Eevee,Evoli,Evoli,이브이,伊布,伊布,1,-,55,55,50,45,65,55,ちょすい,-,うるおいボディ,ノーマル,-,6.5,0
134,シャワーズ,Vaporeon,Aquana,Aquali,샤미드,水伊布,水伊布,1,-,130,65,60,110,95,65,ちょすい,-,うるおいボディ,みず,-,29,1
135,サンダース,Jolteon,Blitza,Voltali,쥬피썬더,雷伊布,雷伊布,1,-,65,65,60,110,95,130,ちくでん,-,はやあし,でんき,-,24.5,1
136,ブースター,Flareon,Flamara,Pyroli,부스터,火伊布,火伊布,1,-,65,130,60,95,110,65,もらいび,-,こんじょう,ほのお,-,25,1
137,ポリゴン,Porygon,Porygon,Porygon,폴리곤,多边兽,多邊獸,1,-,65,60,70,85,75,40,トレース,ダウンロード,アナライズ,ノーマル,-,36.5,0
138,オムナイト,Omanyte,Amonitas,Amonita,암나이트,菊石兽,菊石獸,1,-,35,40,100,90,55,35,すいすい,シェルアーマー,くだけるよろい,いわ,みず,7.5,0
139,オムスター,Omastar,Amoroso,Amonistar,암스타,多刺菊石兽,多刺菊石獸,1,-,70,60,125,115,70,55,すいすい,シェルアーマー,くだけるよろい,いわ,みず,35,1
140,カブト,Kabuto,Kabuto,Kabuto,투구,化石盔,化石盔,1,-,30,80,90,55,45,55,すいすい,カブトアーマー,くだけるよろい,いわ,みず,11.5,0
141,カブトプス,Kabutops,Kabutops,Kabutops,투구푸스,镰刀盔,鐮刀盔,1,-,60,115,105,65,70,80,すいすい,カブトアーマー,くだけるよろい,いわ,みず,40.5,1
142,プテラ,Aerodactyl,Aerodactyl,Ptera,프테라,化石翼龙,化石翼龍,1,-,80,105,65,60,75,130,いしあたま,プレッシャー,きんちょうかん,いわ,ひこう,59,1
142,メガプテラ,Aerodactyl,Aerodactyl,Ptera,프테라,化石翼龙,化石翼龍,6,メガシンカ,80,135,85,70,95,150,かたいツメ,-,-,いわ,ひこう,79,1
143,カビゴン,Snorlax,Relaxo,Ronflex,잠만보,卡比兽,卡比獸,1,-,160,110,65,65,110,30,めんえき,あついしぼう,くいしんぼう,ノーマル,-,460,1
144,フリーザー,Articuno,Arktos,Artikodin,프리져,急冻鸟,急凍鳥,1,-,90,85,100,95,125,85,プレッシャー,-,ゆきがくれ,こおり,ひこう,55.4,1
145,サンダー,Zapdos,Zapdos,Electhor,썬더,闪电鸟,閃電鳥,1,-,90,90,85,125,90,100,プレッシャー,-,せいでんき,でんき,ひこう,52.6,1
146,ファイヤー,Moltres,Lavados,Sulfura,파이어,火焰鸟,火焰鳥,1,-,90,100,90,125,85,90,プレッシャー,-,ほのおのからだ,ほのお,ひこう,60,1
147,ミニリュウ,Dratini,Dratini,Minidraco,미뇽,迷你龙,迷你龍,1,-,61,84,65,70,70,70,だっぴ,-,ふしぎなうろこ,ドラゴン,-,3.3,0
148,ハクリュー,Dragonair,Dragonir,Draco,신뇽,哈克龙,哈克龍,1,-,91,134,95,100,100,80,だっぴ,-,ふしぎなうろこ,ドラゴン,-,16.5,0
149,カイリュー,Dragonite,Dragoran,Dracolosse,망나뇽,快龙,快龍,1,-,91,134,95,100,100,80,せいしんりょく,-,マルチスケイル,ドラゴン,ひこう,210,1
150,ミュウツー,Mewtwo,Mewtu,Mewtwo,뮤츠,超梦,超夢,1,-,106,110,90,154,90,130,プレッシャー,-,きんちょうかん,エスパー,-,122,1
150,メガミュウツーX,Mewtwo,Mewtu,Mewtwo,뮤츠,超梦,超夢,6,メガシンカX,106,190,100,154,100,130,ふくつのこころ,-,-,エスパー,-,127,1
150,メガミュウツーY,Mewtwo,Mewtu,Mewtwo,뮤츠,超梦,超夢,6,メガシンカY,106,150,70,194,120,140,ふみん,-,-,エスパー,-,33,1
151,ミュウ,Mew,Mew,Mew,뮤,梦幻,夢幻,1,-,100,100,100,100,100,100,シンクロ,-,-,エスパー,-,4,1
152,チコリータ,Chikorita,Endivie,Germignon,치코리타,菊草叶,菊草葉,2,-,45,49,65,49,65,45,しんりょく,-,リーフガード,くさ,-,6.4,0
153,ベイリーフ,Bayleef,Lorblatt,Macronium,베이리프,月桂叶,月桂葉,2,-,60,62,80,63,80,60,しんりょく,-,リーフガード,くさ,-,15.8,0
154,メガニウム,Meganium,Meganie,Meganium,메가니움,大竺葵,大竺葵,2,-,80,82,100,83,100,80,しんりょく,-,リーフガード,くさ,-,100.5,1
155,ヒノアラシ,Cyndaquil,Feurigel,Hericendre,브케인,火球鼠,火球鼠,2,-,39,52,43,60,50,65,もうか,-,もらいび,ほのお,-,7.9,0
156,マグマラシ,Quilava,Igelavar,Feurisson,마그케인,火岩鼠,火岩鼠,2,-,58,64,58,80,65,80,もうか,-,もらいび,ほのお,-,19,0
157,バクフーン,Typhlosion,Tornupto,Typhlosion,블레이범,火暴兽,火爆獸,2,-,78,84,78,109,85,100,もうか,-,もらいび,ほのお,-,79.5,1
158,ワニノコ,Totodile,Karnimani,Kaiminus,리아코,小锯鳄,小鋸鱷,2,-,50,65,64,44,48,43,げきりゅう,-,ちからずく,みず,-,9.5,0
159,アリゲイツ,Croconaw,Tyracroc,Crocrodil,엘리게이,蓝鳄,藍鱷,2,-,65,80,80,59,63,58,げきりゅう,-,ちからずく,みず,-,25,0
160,オーダイル,Feraligatr,Impergator,Aligatueur,장크로다일,大力鳄,大力鱷,2,-,85,105,100,79,83,78,げきりゅう,-,ちからずく,みず,-,88.8,1
161,オタチ,Sentret,Wiesor,Fouinette,꼬리선,尾立,尾立,2,-,35,46,34,35,45,20,にげあし,するどいめ,おみとおし,ノーマル,-,6,0
162,オオタチ,Furret,Wiesenior,Fouinar,다꼬리,大尾立,大尾立,2,-,85,76,64,45,55,90,にげあし,するどいめ,おみとおし,ノーマル,-,32.5,1
163,ホーホー,Hoothoot,Hoothoot,Hoothoot,부우부,咕咕,咕咕,2,-,60,30,30,36,56,50,ふみん,するどいめ,いろめがね,ノーマル,ひこう,21.2,0
164,ヨルノズク,Noctowl,Noctuh,Noarfang,야부엉,猫头夜鹰,貓頭夜鷹,2,-,100,50,50,86,96,70,ふみん,するどいめ,いろめがね,ノーマル,ひこう,40.8,1
165,レディバ,Ledyba,Ledyba,Coxy,레디바,芭瓢虫,芭瓢蟲,2,-,40,20,30,40,80,55,むしのしらせ,はやおき,びびり,むし,ひこう,10.8,0
166,レディアン,Ledian,Ledian,Coxyclaque,레디안,安瓢虫,安瓢蟲,2,-,55,35,50,55,110,85,むしのしらせ,はやおき,てつのこぶし,むし,ひこう,35.6,1
167,イトマル,Spinarak,Webarak,Mimigal,페이검,圆丝蛛,圓絲蛛,2,-,40,60,40,40,40,30,むしのしらせ,ふみん,スナイパー,むし,どく,8.5,0
168,アリアドス,Ariados,Ariados,Migalos,아리아도스,阿利多斯,阿利多斯,2,-,70,90,70,60,70,40,むしのしらせ,ふみん,スナイパー,むし,どく,33.5,1
169,クロバット,Crobat,Iksbat,Nostenfer,크로뱃,叉字蝠,叉字蝠,2,-,85,90,80,70,80,130,せいしんりょく,-,すりぬけ,どく,ひこう,75,1
170,チョンチー,Chinchou,Lampi,Loupio,초라기,灯笼鱼,燈籠魚,2,-,75,38,38,56,56,67,ちくでん,はっこう,ちょすい,みず,でんき,12,0
171,ランターン,Lanturn,Lanturn,Lanturn,랜턴,电灯怪,電燈怪,2,-,125,58,58,76,76,67,ちくでん,はっこう,ちょすい,みず,でんき,22.5,1
172,ピチュー,Pichu,Pichu,Pichu,피츄,皮丘,皮丘,2,-,20,40,15,35,35,60,せいでんき,-,ひらいしん,でんき,-,2,0
173,ピィ,Cleffa,Pii,Melo,삐,皮宝宝,皮寶寶,2,-,50,25,28,45,55,15,メロメロボディ,マジックガード,フレンドガード,フェアリー,-,3,0
174,ププリン,Igglybuff,Fluffeluff,Toudoudou,푸푸린,宝宝丁,寶寶丁,2,-,90,30,15,40,20,15,メロメロボディ,かちき,フレンドガード,ノーマル,フェアリー,1,0
175,トゲピー,Togepi,Togepi,Togepi,토게피,波克比,波克比,2,-,35,20,65,40,65,20,はりきり,てんのめぐみ,きょううん,フェアリー,-,1.5,0
176,トゲチック,Togetic,Togetic,Togetic,토게틱,波克基古,波克基古,2,-,55,40,85,80,105,40,はりきり,てんのめぐみ,きょううん,フェアリー,ひこう,3.2,0
177,ネイティ,Natu,Natu,Natu,네이티,天然雀,天然雀,2,-,40,50,45,70,45,70,シンクロ,はやおき,マジックミラー,エスパー,ひこう,2,0
178,ネイティオ,Xatu,Xatu,Xatu,네이티오,天然鸟,天然鳥,2,-,65,75,70,95,70,95,シンクロ,はやおき,マジックミラー,エスパー,ひこう,15,1
179,メリープ,Mareep,Voltilamm,Wattouat,메리프,咩利羊,咩利羊,2,-,55,40,40,65,45,35,せいでんき,-,プラス,でんき,-,7.8,0
180,モココ,Flaaffy,Waaty,Lainergie,보송송,茸茸羊,茸茸羊,2,-,70,55,55,80,60,45,せいでんき,-,プラス,でんき,-,13.3,0
181,デンリュウ,Ampharos,Ampharos,Pharamp,전룡,电龙,電龍,2,-,90,75,85,115,90,55,せいでんき,-,プラス,でんき,-,61.5,1
181,メガデンリュウ,Ampharos,Ampharos,Pharamp,전룡,电龙,電龍,6,メガシンカ,90,95,105,165,110,45,かたやぶり,-,-,でんき,ドラゴン,61.5,1
182,キレイハナ,Bellossom,Blubella,Joliflor,아르코,美丽花,美麗花,2,-,75,80,95,90,100,50,ようりょくそ,-,いやしのこころ,くさ,-,5.8,1
183,マリル,Marill,Marill,Marill,마릴,玛力露,瑪力露,2,-,70,20,50,20,50,40,あついしぼう,ちからもち,そうしょく,みず,フェアリー,8.5,0
184,マリルリ,Azumarill,Azumarill,Azumarill,마릴리,玛力露丽,瑪力露麗,2,-,100,50,80,60,80,50,あついしぼう,ちからもち,そうしょく,みず,フェアリー,28.5,1
185,ウソッキー,Sudowoodo,Mogelbaum,Simularbre,꼬지모,树才怪,樹才怪,2,-,70,100,115,30,65,30,がんじょう,いしあたま,びびり,いわ,-,38,1
186,ニョロトノ,Politoed,Quaxo,Tarpaud,왕구리,蚊香蛙皇,蚊香蛙皇,2,-,90,75,75,90,100,70,ちょすい,しめりけ,あめふらし,みず,-,33.9,1
187,ハネッコ,Hoppip,Hoppspross,Granivol,통통코,毽子草,毽子草,2,-,35,35,40,35,55,50,ようりょくそ,リーフガード,すりぬけ,くさ,ひこう,0.5,0
188,ポポッコ,Skiploom,Hubelupf,Floravol,두코,毽子花,毽子花,2,-,55,45,50,45,65,80,ようりょくそ,リーフガード,すりぬけ,くさ,ひこう,1,0
189,ワタッコ,Jumpluff,Papungha,Cotovol,솜솜코,毽子棉,毽子棉,2,-,75,55,70,55,95,110,ようりょくそ,リーフガード,すりぬけ,くさ,ひこう,3,1
190,エイパム,Aipom,Griffel,Capumain,에이팜,长尾怪手,長尾怪手,2,-,55,70,55,40,55,85,にげあり,ものひろい,スキルリンク,ノーマル,-,11.5,0
191,ヒマナッツ,Sunkern,Sonnkern,Tournegrin,해너츠,向日种子,向日種子,2,-,30,30,30,30,30,30,ようりょくそ,サンパワー,はやおき,くさ,-,1.8,0
192,キマワリ,Sunflora,Sonnflora,Heliatronc,해루미,向日花怪,向日花怪,2,-,75,75,55,105,85,30,ようりょくそ,サンパワー,はやおき,くさ,-,8.5,1
193,ヤンヤンマ,Yanma,Yanma,Yanma,왕자리,蜻蜻蜓,蜻蜻蜓,2,-,65,65,45,75,45,95,かそく,ふくがん,おみとおし,むし,ひこう,38,0
194,ウパー,Wooper,Felino,Axoloto,우파,乌波,烏波,2,-,55,45,45,25,25,15,しめりけ,ちょすい,てんねん,みず,じめん,8.5,0
195,ヌオー,Quagsire,Morlord,Maraiste,누오,沼王,沼王,2,-,95,85,85,65,65,35,しめりけ,ちょすい,てんねん,みず,じめん,75,1
196,エーフィ,Espeon,Psiana,Mentali,에브이,太阳伊布,太陽伊布,2,-,65,65,60,130,95,110,シンクロ,-,マジックミラー,エスパー,-,26.5,1
197,ブラッキー,Umbreon,Nachtara,Noctali,블래키,月亮伊布,月亮伊布,2,-,95,65,110,60,130,65,シンクロ,-,せいしんりょく,あく,-,27,1
198,ヤミカラス,Murkrow,Kramurx,Cornebre,니로우,黑暗鸦,黑暗鴉,2,-,60,85,42,85,42,91,ふみん,きょううん,いたずらごころ,あく,ひこう,2.1,0
199,ヤドキング,Slowking,Laschoking,Roigada,야도킹,呆呆王,呆呆王,2,-,95,75,80,100,110,30,どんかん,マイペース,さいせいりょく,みず,エスパー,79.5,1
200,ムウマ,Misdreavus,Traunfugil,Feuforeve,무우마,梦妖,夢妖,2,-,60,60,60,85,85,85,ふゆう,-,-,ゴースト,-,1,0
201,アンノーン,Unown,Icognito,Zarbi,안농,未知图腾,未知圖騰,2,-,48,72,48,72,48,48,ふゆう,-,-,エスパー,-,5,1
202,ソーナンス,Wobbuffet,Woingenau,Qulbutoke,마자용,果然翁,果然翁,2,-,190,33,58,33,58,33,かげふみ,-,テレパシー,エスパー,-,28.5,1
203,キリンリキ,Girafarig,Girafarig,Girafarig,키링키,麒麟奇,麒麟奇,2,-,70,80,65,90,65,85,せいしんりょく,はやおき,そうしょく,ノーマル,エスパー,41.5,1
204,クヌギダマ,Pineco,Tannza,Pomdepic,피콘,榛果球,榛果球,2,-,50,65,90,35,35,15,がんじょう,-,ぼうじん,むし,-,7.2,0
205,フォレトス,Forretress,Forstellka,Foretress,쏘콘,佛烈托斯,佛烈托斯,2,-,75,90,140,60,60,40,がんじょう,-,ぼうじん,むし,はがね,125.8,1
206,ノコッチ,Dunsparce,Dummisel,Insolourdo,노고치,土龙弟弟,土龍弟弟,2,-,100,70,70,65,65,45,てんのめぐみ,にげあし,びびり,ノーマル,-,14,1
207,グライガー,Gligar,Skorgla,Scorplane,글라이거,天蝎,天蠍,2,-,65,75,105,35,65,85,かいりきバサミ,すながくれ,めんえき,じめん,ひこう,64.8,0
208,ハガネール,Steelix,Stahlos,Steelix,강철톤,大钢蛇,大鋼蛇,2,-,75,85,200,55,65,30,いしあたま,がんじょう,ちからずく,はがね,じめん,400,1
208,メガハガネール,Steelix,Stahlos,Steelix,강철톤,大钢蛇,大鋼蛇,6,メガシンカ,75,125,230,55,95,30,すなのちから,-,-,はがね,じめん,740,1
209,ブルー,Snubbull,Snubbull,Snubbull,블루,布鲁,布魯,2,-,60,80,50,40,40,30,いかく,にげあり,びびり,フェアリー,-,7.8,0
210,グランブル,Granbull,Granbull,Granbull,그랑블루,布鲁皇,布魯皇,2,-,90,120,75,60,60,45,いかく,にげあし,びびり,フェアリー,-,48.7,1
211,ハリーセン,Qwilfish,Baldorfish,Qwilfish,침바루,千针鱼,千針魚,2,-,65,95,85,55,55,85,どくのトゲ,すいすい,いかく,みず,どく,3.9,1
212,ハッサム,Scizor,Scherox,Cizayox,핫삼,巨钳螳螂,巨鉗螳螂,2,-,70,130,100,55,80,65,むしのしらせ,テクニシャン,ライトメタル,むし,はがね,118,1
212,メガハッサム,Scizor,Scherox,Cizayox,핫삼,巨钳螳螂,巨鉗螳螂,6,メガシンカ,70,150,140,65,100,75,テクニシャン,-,-,むし,はがね,125,1
213,ツボツボ,Shuckle,Pottrott,Caratroc,단단지,壶壶,壺壺,2,-,20,10,230,10,230,5,がんじょう,くいしんぼう,あまのじゃく,むし,いわ,20.5,1
214,ヘラクロス,Heracross,Skaraborn,Scarhino,헤라크로스,赫拉克罗斯,赫拉克羅斯,2,-,80,125,75,40,95,85,むしのしらせ,こんじょう,じしんかじょう,むし,かくとう,54,1
214,メガヘラクロス,Heracross,Skaraborn,Scarhino,헤라크로스,赫拉克罗斯,赫拉克羅斯,6,メガシンカ,80,185,115,40,105,75,スキルリンク,-,-,むし,かくとう,62.5,1
215,ニューラ,Sneasel,Sniebel,Farfuret,포푸니,狃拉,狃拉,2,-,55,95,55,35,75,115,せいしんりょく,するどいめ,わるいてぐせ,あく,こおり,28,0
216,ヒメグマ,Teddiursa,Teddiursa,Teddiursa,깜지곰,熊宝宝,熊寶寶,2,-,60,80,50,50,50,40,ものひろい,はやあし,みつあつめ,ノーマル,-,8.8,0
217,リングマ,Ursaring,Ursaring,Ursaring,링곰,圈圈熊,圈圈熊,2,-,90,130,75,75,75,55,こんじょう,はやあし,きんちょうかん,ノーマル,-,125.8,1
218,マグマッグ,Slugma,Schneckmag,Limagma,마그마그,熔岩虫,熔岩蟲,2,-,40,40,40,70,40,20,マグマのよろい,ほのおのからだ,くだけるよろい,ほのお,-,35,0
219,マグカルゴ,Magcargo,Magcargo,Volcaropod,마그카르고,熔岩蜗牛,熔岩蝸牛,2,-,60,50,120,90,80,30,マグマのよろい,ほのおのからだ,くだけるよろい,ほのお,いわ,55,1
220,ウリムー,Swinub,Quiekel,Marcacrin,꾸꾸리,小山猪,小山豬,2,-,50,50,40,30,30,50,どんかん,ゆきがくれ,あついしぼう,こおり,じめん,6.5,0
221,イノムー,Piloswine,Keifel,Cochignon,메꾸리,长毛猪,長毛豬,2,-,100,100,80,60,60,50,どんかん,ゆきがくれ,あついしぼう,こおり,じめん,6.5,0
222,サニーゴ,Corsola,Corasonn,Corayon,코산호,太阳珊瑚,太陽珊瑚,2,-,65,55,95,65,95,35,はりきり,しぜんかいふく,さいせいりょく,みず,いわ,5,1
223,テッポウオ,Remoraid,Remoraid,Remoraid,총어,铁炮鱼,鐵炮魚,2,-,35,65,35,65,35,65,はりきり,スナイパー,ムラっけ,みず,-,12,0
224,オクタン,Octillery,Octillery,Octillery,대포무노,章鱼桶,章魚桶,2,-,75,105,75,105,75,45,きゅうばん,スナイパー,ムラっけ,みず,-,28.5,1
225,デリバード,Delibird,Botogel,Cadoizo,딜리버드,信使鸟,信使鳥,2,-,45,55,45,65,45,75,やるき,はりきり,ふみん,こおり,ひこう,16,1
226,マンタイン,Mantine,Mantax,Demanta,만타인,巨翅飞鱼,巨翅飛魚,2,-,85,40,70,80,140,70,すいすい,ちょすい,みずのベール,みず,ひこう,220,1
227,エアームド,Skarmory,Panzaeron,Airmure,무장조,盔甲鸟,盔甲鳥,2,-,65,80,140,40,70,70,するどいめ,がんじょう,くだけるよろい,はがね,ひこう,50.5,1
228,デルビル,Houndour,Hunduster,Malosse,델빌,戴鲁比,戴魯比,2,-,45,60,30,80,50,65,はやおき,もらいび,きんちょうかん,あく,ほのお,10.8,0
229,ヘルガー,Houndoom,Hundemon,Demolosse,헬가,黑鲁加,黑魯加,2,-,75,90,50,110,80,95,はやおき,もらいび,きんちょうかん,あく,ほのお,35,1
229,メガヘルガー,Houndoom,Hundemon,Demolosse,헬가,黑鲁加,黑魯加,6,メガシンカ,75,90,90,140,90,115,サンパワー,-,-,あく,ほのお,49.5,1
230,キングドラ,Kingdra,Seedraking,Hyporoi,킹드라,刺龙王,刺龍王,2,-,75,95,95,95,95,85,すいすい,スナイパー,しめりけ,みず,ドラゴン,152,1
231,ゴマゾウ,Phanpy,Phanpy,Phanpy,코코리,小小象,小小象,2,-,90,60,60,40,40,40,ものひろい,-,すながくれ,じめん,-,33.5,0
232,ドンファン,Donphan,Donphan,Donphan,코리갑,顿甲,頓甲,2,-,90,120,120,60,60,50,がんじょう,-,すながくれ,じめん,-,120,1
233,ポリゴン2,Porygon2,Porygon2,Porygon2,폴리곤2,多边兽Ⅱ,多邊獸Ⅱ,2,-,85,80,90,105,95,60,トレース,ダウンロード,アナライズ,ノーマル,-,32.5,0
234,オドシシ,Stantler,Damhirplex,Cerfrousse,노라키,惊角鹿,驚角鹿,2,-,73,95,62,85,65,85,いかく,おみとおし,そうしょく,ノーマル,-,71.2,1
235,ドーブル,Smeargle,Farbeagle,Queulorior,루브도,图图犬,圖圖犬,2,-,55,20,35,20,45,75,マイペース,テクニシャン,ムラっけ,ノーマル,-,58,1
236,バルキー,Tyrogue,Rabauz,Debugant,배루키,无畏小子,無畏小子,2,-,35,35,35,35,35,35,こんじょう,ふくつのこころ,やるき,かくとう,-,21,0
237,カポエラー,Hitmontop,Kapoera,Kapoera,카포에라,战舞郎,戰舞郎,2,-,50,95,95,35,110,70,いかく,テクニシャン,ふくつのこころ,かくとう,-,48,1
238,ムチュール,Smoochum,Kussilla,Lippouti,뽀뽀라,迷唇娃,迷唇娃,2,-,45,30,15,85,65,65,どんかん,よちむ,うるおいボディ,こおり,エスパー,6,0
239,エレキッド,Elekid,Elekid,Elekid,에레키드,电击怪,電擊怪,2,-,45,63,37,65,55,95,せいでんき,-,やるき,でんき,-,23.5,0
240,ブビィ,Magby,Magby,Magby,마그비,鸭嘴宝宝,鴨嘴寶寶,2,-,45,75,37,70,55,83,ほのおのからだ,-,やるき,ほのお,-,21.4,0
241,ミルタンク,Miltank,Miltank,Ecremeuh,밀탱크,大奶罐,大奶罐,2,-,95,80,105,40,70,100,あついしぼう,きもったま,そうしょく,ノーマル,-,75.5,1
242,ハピナス,Blissey,Heiteira,Leuphorie,해피나스,幸福蛋,幸福蛋,2,-,255,10,10,75,135,55,しぜんかいふく,てんのめぐみ,いやしのこころ,ノーマル,-,46.8,1
243,ライコウ,Raikou,Raikou,Raikou,라이코,雷公,雷公,2,-,90,85,75,115,100,115,プレッシャー,-,せいしんりょく,でんき,-,178,1
244,エンテイ,Entei,Entei,Entei,앤테이,炎帝,炎帝,2,-,115,115,85,90,75,100,プレッシャー,-,せいしんりょく,ほのお,-,198,1
245,スイクン,Suicune,Suicune,Suicune,스이쿤,水君,水君,2,-,100,75,115,90,115,85,プレッシャー,-,せいしんりょく,みず,-,187,1
246,ヨーギラス,Larvitar,Larvitar,Embrylex,애버라스,幼基拉斯,幼基拉斯,2,-,50,64,50,45,50,41,こんじょう,-,すながくれ,いわ,じめん,72,0
247,サナギラス,Pupitar,Pupitar,Ymphect,데기라스,沙基拉斯,沙基拉斯,2,-,70,84,70,65,70,51,だっぴ,-,だっぴ,いわ,じめん,152,0
248,バンギラス,Tyranitar,Despotar,Tyranocif,마기라스,班基拉斯,班基拉斯,2,-,100,134,110,95,100,61,すなおこし,-,きんちょうかん,いわ,あく,202,1
248,メガバンギラス,Tyranitar,Despotar,Tyranocif,마기라스,班基拉斯,班基拉斯,6,メガシンカ,100,164,150,95,120,71,すなおこし,-,-,いわ,あく,255,1
249,ルギア,Lugia,Lugia,Lugia,루기아,洛奇亚,洛奇亞,2,-,106,90,130,90,154,110,プレッシャー,-,マルチスケイル,エスパー,ひこう,216,1
250,ホウオウ,Ho-Oh,Ho-Oh,Ho-Oh,칠색조,凤王,鳳王,2,-,106,130,90,110,154,90,プレッシャー,-,さいせいりょく,ほのお,ひこう,199,1
251,セレビィ,Celebi,Celebi,Celebi,세레비,时拉比,時拉比,2,-,100,100,100,100,100,100,しぜんかいふく,-,-,エスパー,くさ,5,1
252,キモリ,Treecko,Geckarbor,Arcko,나무지기,木守宫,木守宮,3,-,40,45,35,65,55,70,しんりょく,-,かるわざ,くさ,-,5,0
253,ジュプトル,Grovyle,Reptain,Massko,나무돌이,森林蜥蜴,森林蜥蜴,3,-,50,65,45,85,65,95,しんりょく,-,かるわざ,くさ,-,21.6,0
254,ジュカイン,Sceptile,Gewaldro,Jungko,나무킹,蜥蜴王,蜥蜴王,3,-,70,85,65,105,85,120,しんりょく,-,かるわざ,くさ,-,52.2,1
254,メガジュカイン,Sceptile,Gewaldro,Jungko,나무킹,蜥蜴王,蜥蜴王,6,メガシンカ,70,110,75,145,85,145,ひらいしん,-,-,くさ,ドラゴン,52.2,1
255,アチャモ,Torchic,Flemmli,Poussifeu,아차모,火稚鸡,火稚雞,3,-,45,60,40,70,50,45,もうか,-,かそく,ほのお,-,2.5,0
256,ワカシャモ,Combusken,Jungglut,Galifeu,영치코,力壮鸡,力壯雞,3,-,60,85,60,85,60,55,もうか,-,かそく,ほのお,かくとう,19.5,0
257,バシャーモ,Blaziken,Lohgock,Brasegali,번치코,火焰鸡,火焰雞,3,-,80,120,70,110,70,80,もうか,-,かそく,ほのお,かくとう,52,1
257,メガバシャーモ,Blaziken,Lohgock,Brasegali,번치코,火焰鸡,火焰雞,6,メガシンカ,80,160,80,130,80,100,かそく,-,-,ほのお,かくとう,52,1
258,ミズゴロウ,Mudkip,Hydropi,Gobou,물짱이,水跃鱼,水躍魚,3,-,50,70,50,50,50,40,げきりゅう,-,しめりけ,みず,-,7.6,0
259,ヌマクロー,Marshtomp,Moorabbel,Flobio,늪짱이,沼跃鱼,沼躍魚,3,-,70,85,70,60,70,50,げきりゅう,-,しめりけ,みず,じめん,28,0
260,ラグラージ,Swampert,Sumpex,Laggron,대짱이,巨沼怪,巨沼怪,3,-,100,110,90,85,90,60,げきりゅう,-,しめりけ,みず,じめん,81.9,1
260,メガラグラージ,Swampert,Sumpex,Laggron,대짱이,巨沼怪,巨沼怪,6,メガシンカ,100,150,110,95,110,70,すいすい,-,-,みず,じめん,102,1
261,ポチエナ,Poochyena,Fiffyen,Medhyena,포챠나,土狼犬,土狼犬,3,-,35,55,35,30,30,35,にげあじ,はやあし,びびり,あく,-,13.6,0
262,グラエナ,Mightyena,Magnayen,Grahyena,그라에나,大狼犬,大狼犬,3,-,70,90,70,60,60,70,いかく,はやあし,じしんかじょう,あく,-,37,1
263,ジグザグマ,Zigzagoon,Zigzachs,Zigzaton,지그제구리,蛇纹熊,蛇紋熊,3,-,38,30,41,30,41,60,ものひろい,くいしんぼう,はやあし,ノーマル,-,17.5,0
264,マッスグマ,Linoone,Geradaks,Lineon,직구리,直冲熊,直衝熊,3,-,78,70,61,50,61,100,ものひろい,くいしんぼう,はやあし,ノーマル,-,32.5,1
265,ケムッソ,Wurmple,Waumpel,Chenipotte,개무소,刺尾虫,刺尾蟲,3,-,45,45,35,20,30,20,りんぷん,-,にげあし,むし,-,3.6,0
266,カラサリス,Silcoon,Schaloko,Armulys,실쿤,甲壳茧,甲殼繭,3,-,50,35,55,25,25,15,だっぴ,-,だっぴ,むし,-,10,0
267,アゲハント,Beautifly,Papinella,Charmillon,뷰티플라이,狩猎凤蝶,狩獵鳳蝶,3,-,60,70,50,100,50,65,むしのしらせ,-,とうそうしん,むし,ひこう,28.4,1
268,マユルド,Cascoon,Panekon,Blindalys,카스쿤,盾甲茧,盾甲繭,3,-,50,35,55,25,25,15,だっぴ,-,だっぴ,むし,-,11.5,0
269,ドクケイル,Dustox,Pudox,Papinox,독케일,毒粉蛾,毒粉蛾,3,-,60,50,70,50,90,65,りんぷん,-,ふくがん,むし,どく,31.6,1
270,ハスボー,Lotad,Loturzel,Nenupiot,연꽃몬,莲叶童子,蓮葉童子,3,-,40,30,30,40,50,30,すいすい,あめうけざら,マイペース,みず,くさ,2.6,0
271,ハスブレロ,Lombre,Lombrero,Lombre,로토스,莲帽小童,蓮帽小童,3,-,60,50,50,60,70,50,すいすい,あめうけざら,マイペース,みず,くさ,32.5,0
272,ルンパッパ,Ludicolo,Kappalores,Ludicolo,로파파,乐天河童,樂天河童,3,-,80,70,70,90,100,70,すいすい,あめうけざら,マイペース,みず,くさ,55,1
273,タネボー,Seedot,Samurzel,Grainipiot,도토링,橡实果,橡實果,3,-,40,40,50,30,30,30,ようりょくそ,はやおき,わるいてぐせ,くさ,-,4,0
274,コノハナ,Nuzleaf,Blanas,Pifeuil,잎새코,长鼻叶,長鼻葉,3,-,70,70,40,60,40,60,ようりょくそ,はやおき,わるいてぐせ,くさ,あく,28,0
275,ダーテング,Shiftry,Tengulist,Tengalice,다탱구,狡猾天狗,狡猾天狗,3,-,90,100,60,90,60,80,ようりょくそ,はやおき,わるいてぐせ,くさ,あく,59.6,1
276,スバメ,Taillow,Schwalbini,Nirondelle,테일로,傲骨燕,傲骨燕,3,-,40,55,30,30,30,85,こんじょう,-,きもったま,ノーマル,ひこう,2.3,0
277,オオスバメ,Swellow,Schwalboss,Heledelle,스왈로,大王燕,大王燕,3,-,60,85,60,75,50,125,こんじょう,-,きもったま,ノーマル,ひこう,19.8,1
278,キャモメ,Wingull,Wingull,Goelise,갈모매,长翅鸥,長翅鷗,3,-,40,30,30,55,30,85,するどいめ,あめふらし,あめうけざら,みず,ひこう,9.5,0
279,ペリッパー,Pelipper,Pelipper,Bekipan,패리퍼,大嘴鸥,大嘴鷗,3,-,60,50,100,95,70,65,するどいめ,あめふらし,あめうけざら,みず,ひこう,28,1
280,ラルトス,Ralts,Trasla,Tarsal,랄토스,拉鲁拉丝,拉魯拉絲,3,-,28,25,25,45,35,40,シンクロ,トレース,テレパシー,エスパー,フェアリー,6.6,0
281,キルリア,Kirlia,Kirlia,Kirlia,킬리아,奇鲁莉安,奇魯莉安,3,-,38,35,35,65,55,50,シンクロ,トレース,テレパシー,エスパー,フェアリー,20.2,0
282,サーナイト,Gardevoir,Guardevoir,Gardevoir,가디안,沙奈朵,沙奈朵,3,-,68,65,65,125,115,80,シンクロ,トレース,テレパシー,エスパー,フェアリー,48.4,1
282,メガサーナイト,Gardevoir,Guardevoir,Gardevoir,가디안,沙奈朵,沙奈朵,6,メガシンカ,68,85,65,165,135,100,フェアリースキン,-,-,エスパー,フェアリー,48.4,1
283,アメタマ,Surskit,Gehweiher,Arakdo,비구술,溜溜糖球,溜溜糖球,3,-,40,30,32,50,52,65,すいすい,-,あめうけざら,むし,みず,1.7,0
284,アメモース,Masquerain,Maskeregen,Maskadra,비나방,雨翅蛾,雨翅蛾,3,-,70,60,62,100,82,80,いかく,-,きんちょうかん,むし,ひこう,3.6,1
285,キノココ,Shroomish,Knilz,Balignon,버섯꼬,蘑蘑菇,蘑蘑菇,3,-,60,40,60,40,60,35,ほうし,ポイズンヒール,はやあし,くさ,-,4.5,0
286,キノガッサ,Breloom,Kapilz,Chapignon,버섯모,斗笠菇,斗笠菇,3,-,60,130,80,60,60,70,ほうし,ポイズンヒール,テクニシャン,くさ,かくとう,39.2,1
287,ナマケロ,Slakoth,Bummelz,Parecool,게을로,懒人獭,懶人獺,3,-,60,60,60,35,35,30,なまけ,-,-,ノーマル,-,24,0
288,ヤルキモノ,Vigoroth,Muntier,Vigoroth,발바로,过动猿,過動猿,3,-,80,80,80,55,55,90,やるき,-,-,ノーマル,-,46.5,0
289,ケッキング,Slaking,Letarking,Monaflemit,게을킹,请假王,請假王,3,-,150,160,100,95,65,100,なまけ,-,-,ノーマル,-,130.5,1
290,ツチニン,Nincada,Nincada,Ningale,토중몬,土居忍士,土居忍士,3,-,31,45,90,30,30,40,ふくがん,-,にげあし,むし,じめん,5.5,0
291,テッカニン,Ninjask,Ninjask,Ninjask,아이스크,铁面忍者,鐵面忍者,3,-,61,90,45,50,50,160,かそく,-,すりぬけ,むし,ひこう,12,1
292,ヌケニン,Shedinja,Ninjatom,Munja,껍질몬,脱壳忍者,脫殼忍者,3,-,1,90,45,30,30,40,ふしぎなまもり,-,-,むし,ゴースト,1.2,1
293,ゴニョニョ,Whismur,Flurmel,Chuchmur,소곤룡,咕妞妞,咕妞妞,3,-,64,51,23,51,23,28,ぼうおん,-,びびり,ノーマル,-,16.3,0
294,ドゴーム,Loudred,Krakeelo,Ramboum,노공룡,吼爆弹,吼爆彈,3,-,84,71,43,71,43,48,ぼうおん,-,きもったま,ノーマル,-,40.5,0
295,バクオング,Exploud,Krawumms,Brouhabam,폭음룡,爆音怪,爆音怪,3,-,104,91,63,91,73,68,ぼうおん,-,きもったま,ノーマル,-,84,1
296,マクノシタ,Makuhita,Makuhita,Makuhita,마크탕,幕下力士,幕下力士,3,-,72,60,30,20,30,25,あついしぼう,こんじょう,ちからずく,かくとう,-,86.4,0
297,ハリテヤマ,Hariyama,Hariyama,Hariyama,하리뭉,铁掌力士,鐵掌力士,3,-,144,120,60,40,60,50,あついしぼう,こんじょう,ちからずく,かくとう,-,253.8,1
298,ルリリ,Azurill,Azurill,Azurill,루리리,露力丽,露力麗,3,-,50,20,40,20,40,20,あついしぼう,ちからもち,そうしょく,ノーマル,フェアリー,2,0
299,ノズパス,Nosepass,Nasgnet,Tarinor,코코파스,朝北鼻,朝北鼻,3,-,30,45,135,45,90,30,がんじょう,じりょく,すなのちから,いわ,-,97,0
300,エネコ,Skitty,Eneco,Skitty,에나비,向尾喵,向尾喵,3,-,50,45,45,35,35,50,メロメロボディ,ノーマルスキン,ミラクルスキン,ノーマル,-,11,0
301,エネコロロ,Delcatty,Enekoro,Delcatty,델케티,优雅猫,優雅貓,3,-,70,65,65,55,55,90,メロメロボディ,ノーマルスキン,ミラクルスキン,ノーマル,-,32.6,1
302,ヤミラミ,Sableye,Zobiris,Tenefix,깜까미,勾魂眼,勾魂眼,3,-,50,75,75,65,65,50,するどいめ,あとだし,いたずらごころ,あく,ゴースト,11,1
302,メガヤミラミ,Sableye,Zobiris,Tenefix,깜까미,勾魂眼,勾魂眼,6,メガシンカ,50,85,125,85,115,20,マジックミラー,-,-,あく,ゴースト,161,1
303,クチート,Mawile,Flunkifer,Mysdibule,입치트,大嘴娃,大嘴娃,3,-,50,85,85,55,55,50,かいりきバサミ,いかく,ちからずく,はがね,フェアリー,11,1
303,メガクチート,Mawile,Flunkifer,Mysdibule,입치트,大嘴娃,大嘴娃,6,メガシンカ,50,105,125,55,95,50,ちからもち,-,-,はがね,フェアリー,23.5,1
304,ココドラ,Aron,Stollunior,Galekid,가보리,可可多拉,可可多拉,3,-,50,70,100,40,40,30,がんじょう,いしあたま,ヘヴィメタル,はがね,いわ,60,0
305,コドラ,Lairon,Stollrak,Galegon,갱도라,可多拉,可多拉,3,-,60,90,140,50,50,40,がんじょう,いしあたま,ヘヴィメタル,はがね,いわ,120,0
306,ボスゴドラ,Aggron,Stolloss,Galeking,보스로라,波士可多拉,波士可多拉,3,-,70,110,180,60,60,50,がんじょう,いしあたま,ヘヴィメタル,はがね,いわ,360,1
306,メガボスゴドラ,Aggron,Stolloss,Galeking,보스로라,波士可多拉,波士可多拉,6,メガシンカ,70,140,230,60,80,50,フィルター,-,-,はがね,-,395,1
307,アサナン,Meditite,Meditie,Meditikka,요가랑,玛沙那,瑪沙那,3,-,30,40,55,40,55,60,ヨガパワー,-,テレパシー,かくとう,エスパー,11.2,0
308,チャーレム,Medicham,Meditalis,Charmina,요가램,恰雷姆,恰雷姆,3,-,60,60,75,60,75,80,ヨガパワー,-,テレパシー,かくとう,エスパー,31.5,1
308,メガチャーレム,Medicham,Meditalis,Charmina,요가램,恰雷姆,恰雷姆,6,メガシンカ,60,100,85,80,85,100,ヨガパワー,-,-,かくとう,エスパー,31.5,1
309,ラクライ,Electrike,Frizelbliz,Dynavolt,썬더라이,落雷兽,落雷獸,3,-,40,45,40,65,40,65,せいでんき,ひらいしん,マイナス,でんき,-,15.2,0
310,ライボルト,Manectric,Voltenso,Elecsprint,썬더볼트,雷电兽,雷電獸,3,-,70,75,60,105,60,105,せいでんき,ひらいしん,マイナス,でんき,-,40.2,1
310,メガライボルト,Manectric,Voltenso,Elecsprint,썬더볼트,雷电兽,雷電獸,6,メガシンカ,70,75,80,135,80,135,いかく,-,-,でんき,-,44,1
311,プラスル,Plusle,Plusle,Posipi,플러시,正电拍拍,正電拍拍,3,-,60,50,40,85,75,95,プラス,-,ひらいしん,でんき,-,4.2,1
312,マイナン,Minun,Minun,Negapi,마이농,负电拍拍,負電拍拍,3,-,60,40,50,75,85,95,マイナス,-,ちくでん,でんき,-,4.2,1
313,バルビート,Volbeat,Volbeat,Muciole,볼비트,电萤虫,電螢蟲,3,-,65,73,75,47,85,85,はっこう,むしのしらせ,いたずらごころ,むし,-,17.7,1
314,イルミーゼ,Illumise,Illumise,Lumivole,네오비트,甜甜萤,甜甜螢,3,-,65,47,75,73,85,85,どんかん,いろめがね,いたずらごころ,むし,-,17.7,1
315,ロゼリア,Roselia,Roselia,Roselia,로젤리아,毒蔷薇,毒薔薇,3,-,50,60,45,100,80,65,しぜんかいふく,どくのとげ,リーフガード,くさ,どく,2,0
316,ゴクリン,Gulpin,Schluppuck,Gloupti,꼴깍몬,溶食兽,溶食獸,3,-,70,43,53,43,53,40,ヘドロえき,ねんちゃく,くいしんぼう,どく,-,10.3,0
317,マルノーム,Swalot,Schlukwech,Avaltout,꿀꺽몬,吞食兽,吞食獸,3,-,100,73,83,73,83,55,ヘドロえき,ねんちゃく,くいしんぼう,どく,-,80,1
318,キバニア,Carvanha,Kanivanha,Carvanha,샤프니아,利牙鱼,利牙魚,3,-,45,90,20,65,20,65,さめはだ,-,かそく,みず,あく,20.8,0
319,サメハダー,Sharpedo,Tohaido,Sharpedo,샤크니아,巨牙鲨,巨牙鯊,3,-,70,120,40,95,40,95,さめはだ,-,かそく,みず,あく,88.8,1
319,メガサメハダー,Sharpedo,Tohaido,Sharpedo,샤크니아,巨牙鲨,巨牙鯊,6,メガシンカ,70,140,70,110,65,105,がんじょうあご,-,-,みず,あく,130.3,1
320,ホエルコ,Wailmer,Wailmer,Wailmer,고래왕자,吼吼鲸,吼吼鯨,3,-,130,70,35,70,35,60,どんかん,みずのベール,プレッシャー,みず,-,130,0
321,ホエルオー,Wailord,Wailord,Wailord,고래왕,吼鲸王,吼鯨王,3,-,170,90,45,90,45,60,どんかん,みずのベール,プレッシャー,みず,-,398,1
322,ドンメル,Numel,Camaub,Chamallot,둔타,呆火驼,呆火駝,3,-,60,60,40,65,45,35,どんかん,たんじゅん,マイペース,ほのお,じめん,24,0
323,バクーダ,Camerupt,Camerupt,Camerupt,폭타,喷火驼,噴火駝,3,-,70,100,70,105,75,40,マグマのよろい,ハードロック,いかりのつぼ,ほのお,じめん,220,1
323,メガバクーダ,Camerupt,Camerupt,Camerupt,폭타,喷火驼,噴火駝,6,メガシンカ,70,120,100,145,105,20,ちからずく,-,-,ほのお,じめん,320.5,1
324,コータス,Torkoal,Qurtel,Chartor,코터스,煤炭龟,煤炭龜,3,-,70,85,140,85,70,20,しろいけむり,ひでり,シェルアーマー,ほのお,-,80.4,1
325,バネブー,Spoink,Spoink,Spoink,피그점프,跳跳猪,跳跳豬,3,-,60,25,35,70,80,60,あついしぼう,マイペース,くいしんぼう,エスパー,-,30.6,0
326,ブーピッグ,Grumpig,Groink,Groret,피그킹,噗噗猪,噗噗豬,3,-,80,45,65,90,110,80,あついしぼう,マイペース,くいしんぼう,エスパー,-,71.5,1
327,パッチール,Spinda,Pandir,Spinda,얼루기,晃晃斑,晃晃斑,3,-,60,60,60,60,60,60,マイペース,ちどりあし,あまのじゃく,ノーマル,-,5,1
328,ナックラー,Trapinch,Knacklion,Kraknoix,톱치,大颚蚁,大顎蟻,3,-,45,100,45,45,45,10,かいりきバサミ,ありじごく,ちからずく,じめん,-,15,0
329,ビブラーバ,Vibrava,Vibrava,Vibraninf,비브라바,超音波幼虫,超音波幼蟲,3,-,50,70,50,50,50,70,ふゆう,-,ふゆう,じめん,ドラゴン,15.3,0
330,フライゴン,Flygon,Libelldra,Libegon,플라이곤,沙漠蜻蜓,沙漠蜻蜓,3,-,80,100,80,80,80,100,ふゆう,-,ふゆう,じめん,ドラゴン,82,1
331,サボネア,Cacnea,Tuska,Cacnea,선인왕,刺球仙人掌,刺球仙人掌,3,-,50,85,40,85,40,35,すながくれ,-,ちょすい,くさ,-,51.3,0
332,ノクタス,Cacturne,Noktuska,Cacturne,밤선인,梦歌仙人掌,夢歌仙人掌,3,-,70,115,60,115,60,55,すながくれ,-,ちょすい,くさ,あく,77.4,1
333,チルット,Swablu,Wablu,Tylton,파비코,青绵鸟,青綿鳥,3,-,45,40,60,40,75,50,しぜんかいふく,-,ノーてんき,ノーマル,ひこう,1.2,0
334,チルタリス,Altaria,Altaria,Altaria,파비코리,七夕青鸟,七夕青鳥,3,-,75,70,90,70,105,80,しぜんかいふく,-,ノーてんき,ドラゴン,ひこう,20.6,1
334,メガチルタリス,Altaria,Altaria,Altaria,파비코리,七夕青鸟,七夕青鳥,6,メガシンカ,75,110,110,110,105,80,フェアリースキン,-,-,ドラゴン,フェアリー,20.6,1
335,ザングース,Zangoose,Sengo,Mangriff,쟝고,猫鼬斩,貓鼬斬,3,-,73,115,60,60,60,90,めんえき,-,どくぼうそう,ノーマル,-,40.3,1
336,ハブネーク,Seviper,Vipitis,Seviper,세비퍼,饭匙蛇,飯匙蛇,3,-,73,100,60,100,60,65,だっぴ,-,すりぬけ,どく,-,52.5,1
337,ルナトーン,Lunatone,Lunastein,Seleroc,루나톤,月石,月石,3,-,90,55,65,95,85,70,ふゆう,-,-,いわ,エスパー,168,1
338,ソルロック,Solrock,Sonnfel,Solaroc,솔록,太阳岩,太陽岩,3,-,90,95,85,55,65,70,ふゆう,-,-,いわ,エスパー,154,1
339,ドジョッチ,Barboach,Schmerbe,Barloche,미꾸리,泥泥鳅,泥泥鰍,3,-,50,48,43,46,41,60,どんかん,きけんよち,うるおいボディ,みず,じめん,1.9,0
340,ナマズン,Whiscash,Welsar,Barbicha,메깅,鲶鱼王,鯰魚王,3,-,110,78,73,76,71,60,どんかん,きけんよち,うるおいボディ,みず,じめん,23.6,1
341,ヘイガニ,Corphish,Krebscorps,Ecrapince,가재군,龙虾小兵,龍蝦小兵,3,-,43,80,65,50,35,35,かいりきバサミ,シェルアーマー,てきおうりょく,みず,-,11.5,0
342,シザリガー,Crawdaunt,Krebutack,Colhomard,가재장군,铁螯龙虾,鐵螯龍蝦,3,-,63,120,85,90,55,55,かいりきバサミ,シェルアーマー,てきおうりょく,みず,あく,32.8,1
343,ヤジロン,Baltoy,Puppance,Balbuto,오뚝군,天秤偶,天秤偶,3,-,40,40,55,40,70,55,ふゆう,-,-,じめん,エスパー,21.5,0
344,ネンドール,Claydol,Lepumentas,Kaorine,점토도리,念力土偶,念力土偶,3,-,60,70,105,70,120,75,ふゆう,-,-,じめん,エスパー,108,1
345,リリーラ,Lileep,Liliep,Lilia,릴링,触手百合,觸手百合,3,-,66,41,77,61,87,23,きゅうばん,-,よびみず,いわ,くさ,23.8,0
346,ユレイドル,Cradily,Wielie,Vacilys,릴리요,摇篮百合,搖籃百合,3,-,86,81,97,81,107,43,きゅうばん,-,よびみず,いわ,くさ,60.4,1
347,アノプス,Anorith,Anorith,Anorith,아노딥스,太古羽虫,太古羽蟲,3,-,45,95,50,40,50,75,カブトアーマー,-,すいすい,いわ,むし,12.5,0
348,アーマルド,Armaldo,Armaldo,Armaldo,아말도,太古盔甲,太古盔甲,3,-,75,125,100,70,80,45,カブトアーマー,-,すいすい,いわ,むし,68.2,1
349,ヒンバス,Feebas,Barschwa,Barpau,빈티나,丑丑鱼,醜醜魚,3,-,20,15,20,10,55,80,すいすい,どんかん,てきおうりょく,みず,-,7.4,0
350,ミロカロス,Milotic,Milotic,Milobellus,밀로틱,美纳斯,美納斯,3,-,95,60,79,100,125,81,ふしぎなうろこ,かちき,メロメロボディ,みず,-,162,1
351,ポワルン,Castform,Formeo,Morpheo,캐스퐁,飘浮泡泡,飄浮泡泡,3,-,70,70,70,70,70,70,てんきや,-,-,ノーマル,-,0.8,1
352,カクレオン,Kecleon,Kecleon,Kecleon,켈리몬,变隐龙,變隱龍,3,-,60,90,70,60,120,40,へんしょく,-,へんげんじざい,ノーマル,-,22,1
353,カゲボウズ,Shuppet,Shuppet,Polichombr,어둠대신,怨影娃娃,怨影娃娃,3,-,44,75,35,63,33,45,ふみん,おみとおし,のろわれボディ,ゴースト,-,2.3,0
354,ジュペッタ,Banette,Banette,Branette,다크펫,诅咒娃娃,詛咒娃娃,3,-,64,115,65,83,63,65,ふみん,おみとおし,のろわれボディ,ゴースト,-,12.5,1
354,メガジュペッタ,Banette,Banette,Branette,다크펫,诅咒娃娃,詛咒娃娃,6,メガシンカ,64,165,75,93,83,75,いたずらごころ,-,-,ゴースト,-,13,1
355,ヨマワル,Duskull,Zwirrlicht,Skelenox,해골몽,夜巡灵,夜巡靈,3,-,20,40,90,30,90,25,ふゆう,おみとおし,-,ゴースト,-,15,0
356,サマヨール,Dusclops,Zwirrklop,Teraclope,미라몽,彷徨夜灵,彷徨夜靈,3,-,40,70,130,60,130,25,プレッシャー,おみとおし,-,ゴースト,-,30.6,0
357,トロピウス,Tropius,Tropius,Tropius,트로피우스,热带龙,熱帶龍,3,-,99,68,83,72,87,51,ようりょくそ,サンパワー,しゅうかく,くさ,ひこう,100,1
358,チリーン,Chimecho,Palimpalim,Eoko,치렁,风铃铃,風鈴鈴,3,-,75,50,80,95,90,65,ふゆう,-,-,エスパー,-,1,1
359,アブソル,Absol,Absol,Absol,앱솔,阿勃梭鲁,阿勃梭魯,3,-,65,130,60,75,60,75,プレッシャー,きょううん,せいぎのこころ,あく,-,47,1
359,メガアブソル,Absol,Absol,Absol,앱솔,阿勃梭鲁,阿勃梭魯,6,メガシンカ,65,150,60,115,60,115,マジックミラー,-,-,あく,-,49,1
360,ソーナノ,Wynaut,Isso,Okeoke,마자,小果然,小果然,3,-,95,23,48,23,48,23,かげふみ,-,テレパシー,エスパー,-,14,0
361,ユキワラシ,Snorunt,Schneppke,Stalgamin,눈꼬마,雪童子,雪童子,3,-,50,50,50,50,50,50,せいしんりょく,アイスボディ,ムラっけ,こおり,-,16.5,0
362,オニゴーリ,Glalie,Firnontor,Oniglali,얼음귀신,冰鬼护,冰鬼護,3,-,80,80,80,80,80,80,せいしんりょく,アイスボディ,ムラっけ,こおり,-,256.5,1
362,メガオニゴーリ,Glalie,Firnontor,Oniglali,얼음귀신,冰鬼护,冰鬼護,6,メガシンカ,80,120,80,120,80,100,フリーズスキン,-,-,こおり,-,350.2,1
363,タマザラシ,Spheal,Seemops,Obalie,대굴레오,海豹球,海豹球,3,-,70,40,50,55,50,25,あついしぼう,アイスボディ,どんかん,こおり,みず,39.5,0
364,トドグラー,Sealeo,Seejong,Phogleur,씨레오,海魔狮,海魔獅,3,-,90,60,70,75,70,45,あついしぼう,アイスボディ,どんかん,こおり,みず,87.5,0
365,トドゼルガ,Walrein,Walraisa,Kaimorse,씨카이저,帝牙海狮,帝牙海獅,3,-,110,80,90,95,90,65,あついしぼう,アイスボディ,どんかん,こおり,みず,150.6,1
366,パールル,Clamperl,Perlu,Coquiperl,진주몽,珍珠贝,珍珠貝,3,-,35,64,85,74,55,32,シェルアーマー,-,びびり,みず,-,52.5,0
367,ハンテール,Huntail,Aalabyss,Serpang,헌테일,猎斑鱼,獵斑魚,3,-,55,104,105,94,75,52,すいすい,-,みずのベール,みず,-,27,1
368,サクラビス,Gorebyss,Saganabyss,Rosabyss,분홍장이,樱花鱼,櫻花魚,3,-,55,84,105,114,75,52,すいすい,-,うるおいボディ,みず,-,22.6,1
369,ジーランス,Relicanth,Relicanth,Relicanth,시라칸,古空棘鱼,古空棘魚,3,-,100,90,130,45,65,55,すいすい,いしあたま,がんじょう,みず,いわ,23.4,1
370,ラブカス,Luvdisc,Liebiskus,Lovdisc,사랑동이,爱心鱼,愛心魚,3,-,43,30,55,40,65,97,すいすい,-,うるおいボディ,みず,-,8.7,1
371,タツベイ,Bagon,Kindwurm,Draby,아공이,宝贝龙,寶貝龍,3,-,45,75,60,40,30,50,いしあたま,-,ちからずく,ドラゴン,-,42.1,0
372,コモルー,Shelgon,Draschel,Drackhaus,쉘곤,甲壳龙,甲殼龍,3,-,65,95,100,60,50,50,いしあたま,-,ぼうじん,ドラゴン,-,110.5,0
373,ボーマンダ,Salamence,Brutalanda,Drattak,보만다,暴飞龙,暴飛龍,3,-,95,135,80,110,80,100,いかく,-,じしんかじょう,ドラゴン,ひこう,102.6,1
373,メガボーマンダ,Salamence,Brutalanda,Drattak,보만다,暴飞龙,暴飛龍,6,メガシンカ,95,145,130,120,90,120,スカイスキン,-,-,ドラゴン,ひこう,112.6,1
374,ダンバル,Beldum,Tanhel,Terhal,메탕,铁哑铃,鐵啞鈴,3,-,40,55,80,35,60,30,-,-,-,はがね,エスパー,95.2,0
375,メタング,Metang,Metang,Metang,메탕구,金属怪,金屬怪,3,-,60,75,100,55,80,50,-,-,-,はがね,エスパー,202.5,0
376,メタグロス,Metagross,Metagross,Metalosse,메타그로스,巨金怪,巨金怪,3,-,80,135,130,95,90,70,クリアボディ,-,ライトメタル,はがね,エスパー,550,1
376,メガメタグロス,Metagross,Metagross,Metalosse,메타그로스,巨金怪,巨金怪,6,メガシンカ,80,145,150,105,110,110,かたいツメ,-,-,はがね,エスパー,942.9,1
377,レジロック,Regirock,Regirock,Regirock,레지락,雷吉洛克,雷吉洛克,3,-,80,100,200,50,100,50,クリアボディ,-,がんじょう,いわ,-,230,1
378,レジアイス,Regice,Regice,Regice,레지아이스,雷吉艾斯,雷吉艾斯,3,-,80,50,100,100,200,50,クリアボディ,-,アイスボディ,こおり,-,175,1
379,レジスチル,Registeel,Registeel,Registeel,레지스틸,雷吉斯奇鲁,雷吉斯奇魯,3,-,80,75,150,75,150,50,クリアボディ,-,ライトメタル,はがね,-,205,1
380,ラティアス,Latias,Latias,Latias,라티아스,拉帝亚斯,拉帝亞斯,3,-,80,80,90,110,130,110,ふゆう,-,-,ドラゴン,エスパー,40,1
380,メガラティアス,Latias,Latias,Latias,라티아스,拉帝亚斯,拉帝亞斯,6,メガシンカ,80,100,120,140,150,110,ふゆう,-,-,ドラゴン,エスパー,52,1
381,ラティオス,Latios,Latios,Latios,라티오스,拉帝欧斯,拉帝歐斯,3,-,80,90,80,130,110,110,ふゆう,-,-,ドラゴン,エスパー,60,1
381,メガラティオス,Latios,Latios,Latios,라티오스,拉帝欧斯,拉帝歐斯,6,メガシンカ,80,130,100,160,120,110,ふゆう,-,-,ドラゴン,エスパー,70,1
382,カイオーガ,Kyogre,Kyogre,Kyogre,가이오가,盖欧卡,蓋歐卡,3,-,100,100,90,150,140,90,あめふらし,-,-,みず,-,352,1
382,ゲンシカイオーガ,Kyogre,Kyogre,Kyogre,가이오가,盖欧卡,蓋歐卡,6,ゲンシカイキ,100,150,90,180,160,90,はじまりのうみ,-,-,みず,-,430,1
383,グラードン,Groudon,Groudon,Groudon,그란돈,固拉多,固拉多,3,-,100,150,140,100,90,90,ひでり,-,-,じめん,-,950,1
383,ゲンシグラードン,Groudon,Groudon,Groudon,그란돈,固拉多,固拉多,6,ゲンシカイキ,100,180,160,150,90,90,おわりのだいち,-,-,じめん,ほのお,999.7,1
384,レックウザ,Rayquaza,Rayquaza,Rayquaza,레쿠쟈,烈空坐,烈空坐,3,-,105,150,90,150,90,95,エアロック,-,-,ドラゴン,ひこう,206.5,1
384,メガレックウザ,Rayquaza,Rayquaza,Rayquaza,레쿠쟈,烈空坐,烈空坐,6,メガシンカ,105,180,100,180,100,115,デルタストーム,-,-,ドラゴン,ひこう,392,1
385,ジラーチ,Jirachi,Jirachi,Jirachi,지라치,基拉祈,基拉祈,3,-,100,100,100,100,100,100,てんのめぐみ,-,-,はがね,エスパー,1.1,1
386,デオキシス,Deoxys,Deoxys,Deoxys,테오키스,代欧奇希斯,代歐奇希斯,3,ノーマルフォルム,50,150,50,150,50,150,プレッシャー,-,-,エスパー,-,60.8,1
386,デオキシス,Deoxys,Deoxys,Deoxys,테오키스,代欧奇希斯,代歐奇希斯,3,アタックフォルム,50,180,20,180,20,150,プレッシャー,-,-,エスパー,-,60.8,1
386,デオキシス,Deoxys,Deoxys,Deoxys,테오키스,代欧奇希斯,代歐奇希斯,3,デフェンスフォルム,50,70,160,70,160,90,プレッシャー,-,-,エスパー,-,60.8,1
386,デオキシス,Deoxys,Deoxys,Deoxys,테오키스,代欧奇希斯,代歐奇希斯,3,スピードフォルム,50,95,90,95,90,180,プレッシャー,-,-,エスパー,-,60.8,1
387,ナエトル,Turtwig,Chelast,Tortipouss,모부기,草苗龟,草苗龜,4,-,55,68,64,45,55,31,しんりょく,-,シェルアーマー,くさ,-,10.2,0
388,ハヤシガメ,Grotle,Chelcarain,Boskara,수풀부기,树林龟,樹林龜,4,-,75,89,85,55,65,36,しんりょく,-,シェルアーマー,くさ,-,97,0
389,ドダイトス,Torterra,Chelterrar,Torterra,토대부기,土台龟,土台龜,4,-,95,109,105,75,85,56,しんりょく,-,シェルアーマー,くさ,じめん,310,1
390,ヒコザル,Chimchar,Panflam,Ouisticram,불꽃숭이,小火焰猴,小火焰猴,4,-,44,58,44,58,44,61,もうか,-,てつのこぶし,ほのお,-,6.2,0
391,モウカザル,Monferno,Panpyro,Chimpenfeu,파이숭이,猛火猴,猛火猴,4,-,64,78,52,78,52,81,もうか,-,てつのこぶし,ほのお,かくとう,22,0
392,ゴウカザル,Infernape,Panferno,Simiabraz,초염몽,烈焰猴,烈焰猴,4,-,76,104,71,104,71,108,もうか,-,てつのこぶし,ほのお,かくとう,55,1
393,ポッチャマ,Piplup,Plinfa,Tiplouf,팽도리,波加曼,波加曼,4,-,53,51,53,61,56,40,げきりゅう,-,まけんき,みず,-,5.2,0
394,ポッタイシ,Prinplup,Pliprin,Prinplouf,팽태자,波皇子,波皇子,4,-,64,66,68,81,76,50,げきりゅう,-,まけんき,みず,-,23,0
395,エンペルト,Empoleon,Impoleon,Pingoleon,엠페르트,帝王拿波,帝王拿波,4,-,84,86,88,111,101,60,げきりゅう,-,まけんき,みず,はがね,84.5,1
396,ムックル,Starly,Staralili,Etourmi,찌르꼬,姆克儿,姆克兒,4,-,40,55,30,30,30,60,するどいめ,-,すてみ,ノーマル,ひこう,2,0
397,ムクバード,Staravia,Staravia,Etourvol,찌르버드,姆克鸟,姆克鳥,4,-,55,75,50,40,40,80,いかく,-,すてみ,ノーマル,ひこう,15.5,0
398,ムクホーク,Staraptor,Staraptor,Etouraptor,찌르호크,姆克鹰,姆克鷹,4,-,85,120,70,50,60,100,いかく,-,すてみ,ノーマル,ひこう,24.9,1
399,ビッパ,Bidoof,Bidiza,Keunotor,비버니,大牙狸,大牙狸,4,-,59,45,40,35,40,31,たんじゅん,てんねん,ムラっけ,ノーマル,-,20,0
400,ビーダル,Bibarel,Bidifas,Castorno,비버통,大尾狸,大尾狸,4,-,79,85,60,55,60,71,たんじゅん,てんねん,ムラっけ,ノーマル,みず,31.5,1
401,コロボーシ,Kricketot,Zirpurze,Crikzik,귀뚤뚜기,圆法师,圓法師,4,-,37,25,41,25,41,25,だっぴ,-,にげあし,むし,-,2.2,0
402,コロトック,Kricketune,Zirpeise,Melokrik,귀뚤톡크,音箱蟀,音箱蟀,4,-,77,85,51,55,51,65,むしのしらせ,-,テクニシャン,むし,-,25.5,1
403,コリンク,Shinx,Sheinux,Lixy,꼬링크,小猫怪,小貓怪,4,-,45,65,34,40,34,45,とうそうしん,いかく,こんじょう,でんき,-,9.5,0
404,ルクシオ,Luxio,Luxio,Luxio,럭시오,勒克猫,勒克貓,4,-,60,85,49,60,49,60,とうそうしん,いかく,こんじょう,でんき,-,30.5,0
405,レントラー,Luxray,Luxtra,Luxray,렌트라,伦琴猫,倫琴貓,4,-,80,120,79,95,79,70,とうそうしん,いかく,こんじょう,でんき,-,42,1
406,スボミー,Budew,Knospi,Rozbouton,꼬몽울,含羞苞,含羞苞,4,-,40,30,35,50,70,55,しぜんかいふく,どくのトゲ,テクニシャン,くさ,どく,1.2,0
407,ロズレイド,Roserade,Roserade,Roserade,로즈레이드,罗丝雷朵,羅絲雷朵,4,-,60,70,65,125,105,90,しぜんかいふく,どくのトゲ,テクニシャン,くさ,どく,14.5,1
408,ズガイドス,Cranidos,Koknodon,Kranidos,두개도스,头盖龙,頭蓋龍,4,-,67,125,40,30,30,58,かたやぶり,-,ちからずく,いわ,-,31.5,0
409,ラムパルド,Rampardos,Rameidon,Charkos,램펄드,战槌龙,戰槌龍,4,-,97,165,60,65,50,58,かたやぶり,-,ちからずく,いわ,-,102.5,1
410,タテトプス,Shieldon,Schilterus,Dinoclier,방패톱스,盾甲龙,盾甲龍,4,-,30,42,118,42,88,30,がんじょう,-,ぼうおん,いわ,はがね,57,0
411,トリデプス,Bastiodon,Bollterus,Bastiodon,바리톱스,护城龙,護城龍,4,-,60,52,168,47,138,30,がんじょう,-,ぼうおん,いわ,はがね,149.5,1
412,ミノムッチ,Burmy,Burmy,Cheniti,도롱충이,结草儿,結草兒,4,-,40,29,45,29,45,36,だっぴ,-,ぼうじん,むし,-,3.4,0
413,ミノマダム,Wormadam,Burmadame,Cheniselle,도롱마담,结草贵妇,結草貴婦,4,くさきのミノ,60,59,85,79,105,36,きけんよち,-,ぼうじん,むし,くさ,6.5,1
413,ミノマダム,Wormadam,Burmadame,Cheniselle,도롱마담,结草贵妇,結草貴婦,4,すなちのミノ,60,79,105,59,85,36,きけんよち,-,ぼうじん,むし,じめん,6.5,1
413,ミノマダム,Wormadam,Burmadame,Cheniselle,도롱마담,结草贵妇,結草貴婦,4,ゴミのミノ,60,69,95,69,95,36,きけんよち,-,ぼうじん,むし,はがね,6.5,1
414,ガーメイル,Mothim,Moterpel,Papilord,나메일,绅士蛾,紳士蛾,4,-,70,94,50,94,50,66,むしのしらせ,-,いろめがね,むし,ひこう,23.3,1
415,ミツハニー,Combee,Wadribie,Apitrini,세꿀버리,三蜜蜂,三蜜蜂,4,-,30,30,42,30,42,70,みつあつめ,-,はりきり,むし,ひこう,5.5,0
416,ビークイン,Vespiquen,Honweisel,Apireine,비퀸,蜂女王,蜂女王,4,-,70,80,102,80,102,40,プレッシャー,-,きんちょうかん,むし,ひこう,38.5,1
417,パチリス,Pachirisu,Pachirisu,Pachirisu,파치리스,帕奇利兹,帕奇利茲,4,-,60,45,70,45,90,95,にげあし,ものひろい,ちくでん,でんき,-,3.9,1
418,ブイゼル,Buizel,Bamelin,Mustebouee,브이젤,泳圈鼬,泳圈鼬,4,-,55,65,35,60,30,85,すいすい,-,みずのベール,みず,-,29.5,0
419,フローゼル,Floatzel,Bojelin,Musteflott,플로젤,浮潜鼬,浮潛鼬,4,-,85,105,55,85,50,115,すいすい,-,みずのベール,みず,-,33.5,1
420,チェリンボ,Cherubi,Kikugi,Ceribou,체리버,樱花宝,櫻花寶,4,-,45,35,45,62,53,35,ようりょくそ,-,-,くさ,-,3.3,0
421,チェリム,Cherrim,Kinoso,Ceriflor,체리꼬,樱花儿,櫻花兒,4,-,70,60,70,87,78,85,フラワーギフト,-,-,くさ,-,9.2,1
422,カラナクシ,Shellos,Schalellos,Sancoki,깝질무,无壳海兔,無殼海兔,4,-,76,48,48,57,62,34,ねんちゃく,よびみず,すなのちから,みず,-,6.3,0
423,トリトドン,Gastrodon,Gastrodon,Tritosor,트리토돈,海兔兽,海兔獸,4,-,111,83,68,92,82,39,ねんちゃく,よびみず,すなのちから,みず,じめん,29.9,1
424,エテボース,Ambipom,Ambidiffel,Capidextre,겟핸보숭,双尾怪手,雙尾怪手,4,-,75,100,66,60,66,115,テクニシャン,ものひろい,スキルリンク,ノーマル,-,20.3,1
425,フワンテ,Drifloon,Driftlon,Baudrive,흔들풍손,飘飘球,飄飄球,4,-,90,50,34,60,44,70,ゆうばく,かるわざ,ねつぼうそう,ゴースト,ひこう,1.2,0
426,フワライド,Drifblim,Drifzepeli,Grodrive,둥실라이드,随风球,隨風球,4,-,150,80,44,90,54,80,ゆうばく,かるわざ,ねつぼうそう,ゴースト,ひこう,15,1
427,ミミロル,Buneary,Haspiror,Laporeille,이어롤,卷卷耳,捲捲耳,4,-,55,66,44,44,56,85,メロメロボディ,ぶきよう,じゅうなん,ノーマル,-,5.5,0
428,ミミロップ,Lopunny,Schlapor,Lockpin,이어롭,长耳兔,長耳兔,4,-,65,76,84,54,96,105,メロメロボディ,ぶきよう,じゅうなん,ノーマル,-,33.3,1
428,メガミミロップ,Lopunny,Schlapor,Lockpin,이어롭,长耳兔,長耳兔,6,メガシンカ,65,136,94,54,96,135,きもったま,-,-,ノーマル,かくとう,28.3,1
429,ムウマージ,Mismagius,Traunmagil,Magireve,무우마직,梦妖魔,夢妖魔,4,-,60,60,60,105,105,105,ふゆう,-,-,ゴースト,-,4.4,1
430,ドンカラス,Honchkrow,Kramshef,Corboss,돈크로우,乌鸦头头,烏鴉頭頭,4,-,100,125,52,105,52,71,ふみん,きょううん,じしんかじょう,あく,ひこう,27.3,1
431,ニャルマー,Glameow,Charmian,Chaglam,나옹마,魅力喵,魅力喵,4,-,49,55,42,42,37,85,じゅうなん,マイペース,まけんき,ノーマル,-,3.9,0
432,ブニャット,Purugly,Shnurgarst,Chaffreux,몬냥이,东施喵,東施喵,4,-,71,82,64,64,59,112,あついしぼう,マイペース,まけんき,ノーマル,-,43.8,1
433,リーシャン,Chingling,Klingplim,Korillon,랑딸랑,铃铛响,鈴鐺響,4,-,45,30,50,65,50,45,ふゆう,-,-,エスパー,-,0.6,0
434,スカンプー,Stunky,Skunkapuh,Moufouette,스컹뿡,臭鼬噗,臭鼬噗,4,-,63,63,47,41,41,74,あくしゅう,ゆうばく,するどいめ,どく,あく,19.2,0
435,スカタンク,Skuntank,Skuntank,Moufflair,스컹탱크,坦克臭鼬,坦克臭鼬,4,-,103,93,67,71,61,84,あくしゅう,ゆうばく,するどいめ,どく,あく,38,1
436,ドーミラー,Bronzor,Bronzel,Archeomire,동미러,铜镜怪,銅鏡怪,4,-,57,24,86,24,86,23,ふゆう,たいねつ,ヘヴィメタル,はがね,エスパー,60.5,0
437,ドータクン,Bronzong,Bronzong,Archeodong,동탁군,青铜钟,青銅鐘,4,-,67,89,116,79,116,33,ふゆう,たいねつ,ヘヴィメタル,はがね,エスパー,187,1
438,ウソハチ,Bonsly,Mobai,Manzai,꼬지지,盆才怪,盆才怪,4,-,50,80,95,10,45,10,がんじょう,いしあたま,びびり,いわ,-,15,0
439,マネネ,Mime Jr.,Pantimimi,Mime Jr,흉내내,魔尼尼,魔尼尼,4,-,20,25,45,70,90,60,ぼうおん,フィルター,テクニシャン,エスパー,フェアリー,13,0
440,ピンプク,Happiny,Wonneira,Ptiravi,핑복,小福蛋,小福蛋,4,-,100,5,5,15,65,30,しぜんかいふく,てんのめぐみ,フレンドガード,ノーマル,-,24.4,0
441,ペラップ,Chatot,Plaudagei,Pijako,페라페,聒噪鸟,聒噪鳥,4,-,76,65,45,92,42,91,するどいめ,ちどりあし,はとむね,ノーマル,ひこう,1.9,1
442,ミカルゲ,Spiritomb,Kryppuk,Spiritomb,화강돌,花岩怪,花岩怪,4,-,50,92,108,92,108,35,プレッシャー,-,すりぬけ,ゴースト,あく,108,1
443,フカマル,Gible,Kaumalat,Griknot,딥상어동,圆陆鲨,圓陸鯊,4,-,58,70,45,40,45,42,すながくれ,-,さめはだ,ドラゴン,じめん,20.5,0
444,ガバイト,Gabite,Knarksel,Carmache,한바이트,尖牙陆鲨,尖牙陸鯊,4,-,68,90,65,50,55,82,すながくれ,-,さめはだ,ドラゴン,じめん,56,0
445,ガブリアス,Garchomp,Knakrack,Carchacrok,한카리아스,烈咬陆鲨,烈咬陸鯊,4,-,108,130,95,80,85,102,すながくれ,-,さめはだ,ドラゴン,じめん,95,1
445,メガガブリアス,Garchomp,Knakrack,Carchacrok,한카리아스,烈咬陆鲨,烈咬陸鯊,6,メガシンカ,108,170,115,120,95,92,すなのちから,-,-,ドラゴン,じめん,95,1
446,ゴンベ,Munchlax,Mampfaxo,Goinfrex,먹고자,小卡比兽,小卡比獸,4,-,135,85,40,40,85,5,ものひろい,あついしぼう,くいしんぼう,ノーマル,-,105,0
447,リオル,Riolu,Riolu,Riolu,리오르,利欧路,利歐路,4,-,40,70,40,35,40,60,ふくつのこころ,せいしんりょく,せいぎのこころ,かくとう,-,20.2,0
448,ルカリオ,Lucario,Lucario,Lucario,루카리오,路卡利欧,路卡利歐,4,-,70,110,70,115,70,90,ふくつのこころ,せいしんりょく,せいぎのこころ,かくとう,はがね,54,1
448,メガルカリオ,Lucario,Lucario,Lucario,루카리오,路卡利欧,路卡利歐,6,メガシンカ,70,145,88,140,70,112,てきおうりょく,-,-,かくとう,はがね,57.5,1
449,ヒポポタス,Hippopotas,Hippopotas,Hippopotas,히포포타스,沙河马,沙河馬,4,-,68,72,78,38,42,32,すなおこし,-,すなのちから,じめん,-,49.5,0
450,カバルドン,Hippowdon,Hippoterus,Hippodocus,하마돈,河马兽,河馬獸,4,-,108,112,118,68,72,47,すなおこし,-,すなのちから,じめん,-,300,1
451,スコルピ,Skorupi,Pionskora,Rapion,스콜피,钳尾蝎,鉗尾蠍,4,-,40,50,90,30,55,65,カブトアーマー,スナイパー,するどいめ,どく,むし,12,0
452,ドラピオン,Drapion,Piondragi,Drascore,드래피온,龙王蝎,龍王蠍,4,-,70,90,110,60,75,95,カブトアーマー,スナイパー,するどいめ,どく,あく,61.5,1
453,グレッグル,Croagunk,Glibunkel,Cradopaud,삐딱구리,不良蛙,不良蛙,4,-,48,61,40,61,40,50,きけんよち,かんそうはだ,どくしゅ,どく,かくとう,23,0
454,ドクロッグ,Toxicroak,Toxiquak,Coatox,독개굴,毒骷蛙,毒骷蛙,4,-,83,106,65,86,65,85,きけんよち,かんそうはだ,どくしゅ,どく,かくとう,44.4,1
455,マスキッパ,Carnivine,Venuflibis,Vortente,무스틈니,尖牙笼,尖牙籠,4,-,74,100,72,90,72,46,ふゆう,-,-,くさ,-,27,1
456,ケイコウオ,Finneon,Finneon,Ecayon,형광어,荧光鱼,螢光魚,4,-,49,49,56,49,61,66,すいすい,よびみず,みずのベール,みず,-,7,0
457,ネオラント,Lumineon,Lumineon,Lumineon,네오라이트,霓虹鱼,霓虹魚,4,-,69,69,76,69,86,91,すいすい,よびみず,みずのベール,みず,-,24,1
458,タマンタ,Mantyke,Mantirps,Babimanta,타만타,小球飞鱼,小球飛魚,4,-,45,20,50,60,120,50,すいすい,ちょすい,みずのベール,みず,ひこう,65,0
459,ユキカブリ,Snover,Shnebedeck,Blizzi,눈쓰개,雪笠怪,雪笠怪,4,-,60,62,50,62,60,40,ゆきふらし,-,ぼうおん,くさ,こおり,50.5,0
460,ユキノオー,Abomasnow,Rexblisar,Blizzaroi,눈설왕,暴雪王,暴雪王,4,-,90,92,75,92,85,60,ゆきふらし,-,ぼうおん,くさ,こおり,135.5,1
460,メガユキノオー,Abomasnow,Rexblisar,Blizzaroi,눈설왕,暴雪王,暴雪王,6,メガシンカ,90,132,105,132,105,30,ゆきふらし,-,-,くさ,こおり,185,1
461,マニューラ,Weavile,Snibunna,Dimoret,포푸니라,玛狃拉,瑪狃拉,4,-,70,120,65,45,85,125,プレッシャー,-,わるいてぐせ,あく,こおり,34,1
462,ジバコイル,Magnezone,Magnezone,Magnezone,자포코일,自爆磁怪,自爆磁怪,4,-,70,70,115,130,90,60,じりょく,がんじょう,アナライズ,でんき,はがね,180,1
463,ベロベルト,Lickilicky,Schlurplek,Coudlangue,내룸벨트,大舌舔,大舌舔,4,-,110,85,95,80,95,50,マイペース,どんかん,ノーてんき,ノーマル,-,140,1
464,ドサイドン,Rhyperior,Rihornior,Rhinastoc,거대코뿌리,超甲狂犀,超甲狂犀,4,-,115,140,130,55,55,40,ひらいしん,ハードロック,すてみ,じめん,いわ,282.8,1
465,モジャンボ,Tangrowth,Tangoloss,Bouldeneu,덩쿠림보,巨蔓藤,巨蔓藤,4,-,100,100,125,110,50,50,ようりょくそ,リーフガード,さいせいりょく,くさ,-,128.6,1
466,エレキブル,Electivire,Elevoltek,Elekable,에레키블,电击魔兽,電擊魔獸,4,-,75,123,67,95,85,95,でんきエンジン,-,やるき,でんき,-,138.6,1
467,ブーバーン,Magmortar,Magbrant,Maganon,마그마번,鸭嘴炎兽,鴨嘴炎獸,4,-,75,95,67,125,95,83,ほのおのからだ,-,やるき,ほのお,-,68,1
468,トゲキッス,Togekiss,Togekiss,Togekiss,토게키스,波克基斯,波克基斯,4,-,85,50,95,120,115,80,はりきり,てんのめぐみ,きょううん,フェアリー,ひこう,38,1
469,メガヤンマ,Yanmega,Yanmega,Yanmega,메가자리,远古巨蜓,遠古巨蜓,4,-,86,76,86,116,56,95,かそく,いろめがね,おみとおし,むし,ひこう,51.5,1
470,リーフィア,Leafeon,Folipurba,Phyllali,리피아,叶伊布,葉伊布,4,-,65,110,130,60,65,95,リーフガード,-,ようりょくそ,くさ,-,25.5,1
471,グレイシア,Glaceon,Glaziola,Givrali,글레이시아,冰伊布,冰伊布,4,-,65,60,110,130,95,65,ゆきがくれ,-,アイスボディ,こおり,-,25.9,1
472,グライオン,Gliscor,Skorgro,Scorvol,글라이온,天蝎王,天蠍王,4,-,75,95,125,45,75,95,かいりきバサミ,すながくれ,ポイズンヒール,じめん,ひこう,42.5,1
473,マンムー,Mamoswine,Mamutel,Mammochon,맘모꾸리,象牙猪,象牙豬,4,-,110,130,80,70,60,80,どんかん,ゆきがくれ,あついしぼう,こおり,じめん,291,1
474,ポリゴンZ,Porygon-Z,Porygon-Z,Porygon-Z,폴리곤Z,多边兽Ｚ,多邊獸Ｚ,4,-,85,80,70,135,75,90,てきおうりょく,ダウンロード,アナライズ,ノーマル,-,34,1
475,エルレイド,Gallade,Galagladi,Gallame,엘레이드,艾路雷朵,艾路雷朵,4,-,68,125,65,65,115,80,ふくつのこころ,-,せいぎのこころ,エスパー,かくとう,52,1
475,メガエルレイド,Gallade,Galagladi,Gallame,엘레이드,艾路雷朵,艾路雷朵,6,メガシンカ,68,165,95,65,115,110,せいしんりょく,-,-,エスパー,かくとう,56.4,1
476,ダイノーズ,Probopass,Voluminas,Tarinorme,대코파스,大朝北鼻,大朝北鼻,4,-,60,55,145,75,150,40,がんじょう,じりょく,すなのちから,いわ,はがね,340,1
477,ヨノワール,Dusknoir,Zwirrfinst,Noctunoir,야느와르몽,黑夜魔灵,黑夜魔靈,4,-,45,100,135,65,135,45,プレッシャー,-,-,ゴースト,-,106.6,1
478,ユキメノコ,Froslass,Frosdedje,Momartik,눈여아,雪妖女,雪妖女,4,-,70,80,70,80,70,110,ゆきがくれ,-,のろわれボディ,こおり,ゴースト,26.6,1
479,ロトム,Rotom,Rotom,Motisma,로토무,洛托姆,洛托姆,4,-,50,50,77,95,77,91,ふゆう,-,-,でんき,ゴースト,0.3,1
479,ロトム,Rotom,Rotom,Motisma,로토무,洛托姆,洛托姆,4,ヒートロトム,50,65,107,105,107,86,ふゆう,-,-,でんき,ほのお,0.3,1
479,ロトム,Rotom,Rotom,Motisma,로토무,洛托姆,洛托姆,4,ウォッシュロトム,50,65,107,105,107,86,ふゆう,-,-,でんき,みず,0.3,1
479,ロトム,Rotom,Rotom,Motisma,로토무,洛托姆,洛托姆,4,フロストロトム,50,65,107,105,107,86,ふゆう,-,-,でんき,こおり,0.3,1
479,ロトム,Rotom,Rotom,Motisma,로토무,洛托姆,洛托姆,4,スピンロトム,50,65,107,105,107,86,ふゆう,-,-,でんき,ひこう,0.3,1
479,ロトム,Rotom,Rotom,Motisma,로토무,洛托姆,洛托姆,4,カットロトム,50,65,107,105,107,86,ふゆう,-,-,でんき,くさ,0.3,1
480,ユクシー,Uxie,Selfe,Crehelf,유크시,由克希,由克希,4,-,75,75,130,75,130,95,ふゆう,-,-,エスパー,-,0.3,1
481,エムリット,Mesprit,Vesprit,Crefollet,엠라이트,艾姆利多,艾姆利多,4,-,80,105,105,105,105,80,ふゆう,-,-,エスパー,-,0.3,1
482,アグノム,Azelf,Tobutz,Crefadet,아그놈,亚克诺姆,亞克諾姆,4,-,75,125,70,125,70,115,ふゆう,-,-,エスパー,-,0.3,1
483,ディアルガ,Dialga,Dialga,Dialga,디아루가,帝牙卢卡,帝牙盧卡,4,-,100,120,120,150,100,90,プレッシャー,-,テレパシー,はがね,ドラゴン,683,1
484,パルキア,Palkia,Palkia,Palkia,펄기아,帕路奇亚,帕路奇亞,4,-,90,120,100,150,120,100,プレッシャー,-,テレパシー,みず,ドラゴン,336,1
485,ヒードラン,Heatran,Heatran,Heatran,히드런,席多蓝恩,席多藍恩,4,-,91,90,106,130,106,77,もらいび,-,ほのおのからだ,ほのお,はがね,430,1
486,レジギガス,Regigigas,Regigigas,Regigigas,레지기가스,雷吉奇卡斯,雷吉奇卡斯,4,-,110,160,110,80,110,100,スロースタート,-,-,ノーマル,-,420,1
487,ギラティナ,Giratina,Giratina,Giratina,기라티나,骑拉帝纳,騎拉帝納,4,アナザーフォルム,150,100,120,100,120,90,プレッシャー,-,テレパシー,ゴースト,ドラゴン,750,1
487,ギラティナ,Giratina,Giratina,Giratina,기라티나,骑拉帝纳,騎拉帝納,4,オリジンフォルム,150,120,100,120,100,90,ふゆう,-,-,ゴースト,ドラゴン,650,1
488,クレセリア,Cresselia,Cresselia,Cresselia,크레세리아,克雷色利亚,克雷色利亞,4,-,120,70,120,75,130,85,ふゆう,-,-,エスパー,-,85.6,1
489,フィオネ,Phione,Phione,Phione,피오네,霏欧纳,霏歐納,4,-,80,80,80,80,80,80,うるおいボディ,-,-,みず,-,3.1,1
490,マナフィ,Manaphy,Manaphy,Manaphy,마나피,玛纳霏,瑪納霏,4,-,100,100,100,100,100,100,うるおいボディ,-,-,みず,-,1.4,1
491,ダークライ,Darkrai,Darkrai,Darkrai,다크라이,达克莱伊,達克萊伊,4,-,70,90,90,135,90,125,ナイトメア,-,-,あく,-,50.5,1
492,シェイミ,Shaymin,Shaymin,Shaymin,쉐이미,谢米,謝米,4,ランドフォルム,100,100,100,100,100,100,しぜんかいふく,-,-,くさ,-,2.1,1
492,シェイミ,Shaymin,Shaymin,Shaymin,쉐이미,谢米,謝米,4,スカイフォルム,100,103,75,120,75,127,てんのめぐみ,-,-,くさ,-,5.2,1
493,アルセウス,Arceus,Arceus,Arceus,아르세우스,阿尔宙斯,阿爾宙斯,4,-,120,120,120,120,120,120,マルチタイプ,-,-,ノーマル,-,320,1
494,ビクティニ,Victini,Victini,Victini,비크티니,比克提尼,比克提尼,5,-,100,100,100,100,100,100,しょうりのほし,-,-,ほのお,エスパー,4,1
495,ツタージャ,Snivy,Serpifeu,Vipélierre,주리비얀,藤藤蛇,藤藤蛇,5,-,45,45,55,45,55,63,しんりょく,-,あまのじゃく,くさ,-,8.1,0
496,ジャノビー,Servine,Efoserp,Lianaja,샤비,青藤蛇,青藤蛇,5,-,60,60,75,60,75,83,しんりょく,-,あまのじゃく,くさ,-,16,0
497,ジャローダ,Serperior,Serpiroyal,Majaspic,샤로다,君主蛇,君主蛇,5,-,75,75,95,75,95,113,しんりょく,-,あまのじゃく,くさ,-,63,1
498,ポカブ,Tepig,Floink,Gruikui,뚜꾸리,暖暖猪,暖暖豬,5,-,65,63,45,45,45,45,もうか,-,すてみ,ほのお,-,9.9,0
499,チャオブー,Pignite,Ferkokel,Grotichon,챠오꿀,炒炒猪,炒炒豬,5,-,90,93,55,70,55,55,もうか,-,すてみ,ほのお,かくとう,55.5,0
500,エンブオー,Emboar,Flambirex,Roitiflam,염무왕,炎武王,炎武王,5,-,110,123,65,100,65,65,もうか,-,すてみ,ほのお,かくとう,150,1
501,ミジュマル,Oshawott,Ottaro,Moustillon,수댕이,水水獭,水水獺,5,-,55,55,45,63,45,45,げきりゅう,-,シェルアーマー,みず,-,5.9,0
502,フタチマル,Dewott,Zwottronin,Mateloutre,쌍검자비,双刃丸,雙刃丸,5,-,75,75,60,83,60,60,げきりゅう,-,シェルアーマー,みず,-,24.5,0
503,ダイケンキ,Samurott,Admurai,Clamiral,대검귀,大剑鬼,大劍鬼,5,-,95,100,85,108,70,70,げきりゅう,-,シェルアーマー,みず,-,94.6,1
504,ミネズミ,Patrat,Nagelotz,Ratentif,보르쥐,探探鼠,探探鼠,5,-,45,55,39,35,39,42,にげあし,するどいめ,アナライズ,ノーマル,-,11.6,0
505,ミルホッグ,Watchog,Kukmarda,Miradar,보르그,步哨鼠,步哨鼠,5,-,60,85,69,60,69,77,はっこう,するどいめ,アナライズ,ノーマル,-,27,1
506,ヨーテリー,Lillipup,Yorkleff,Ponchiot,요테리,小约克,小約克,5,-,45,60,45,25,45,55,やるき,ものひろい,にげあし,ノーマル,-,4.1,0
507,ハーデリア,Herdier,Terribark,Ponchien,하데리어,哈约克,哈約克,5,-,65,80,65,35,65,60,いかく,すなかき,きもったま,ノーマル,-,14.7,0
508,ムーランド,Stoutland,Bissbark,Mastouffe,바랜드,长毛狗,長毛狗,5,-,85,110,90,45,90,80,いかく,すなかき,きもったま,ノーマル,-,61,1
509,チョロネコ,Purrloin,Felilou,Chacripan,쌔비냥,扒手猫,扒手貓,5,-,41,50,37,50,37,66,じゅうなん,かるわざ,いたずらごころ,あく,-,10.1,0
510,レパルダス,Liepard,Kleoparda,Léopardas,레파르다스,酷豹,酷豹,5,-,64,88,50,88,50,106,じゅうなん,かるわざ,いたずらごころ,あく,-,37.5,1
511,ヤナップ,Pansage,Vegimak,Feuillajou,야나프,花椰猴,花椰猴,5,-,50,53,48,53,48,64,くいしんぼう,-,しんりょく,くさ,-,10.5,0
512,ヤナッキー,Simisage,Vegichita,Feuiloutan,야나키,花椰猿,花椰猿,5,-,75,98,63,98,63,101,くいしんぼう,-,しんりょく,くさ,-,30.5,1
513,バオップ,Pansear,Grillmak,Flamajou,바오프,爆香猴,爆香猴,5,-,50,53,48,53,48,64,くいしんぼう,-,もうか,ほのお,-,11,0
514,バオッキー,Simisear,Grillchita,Flamoutan,바오키,爆香猿,爆香猿,5,-,75,98,63,98,63,101,くいしんぼう,-,もうか,ほのお,-,28,1
515,ヒヤップ,Panpour,Sodamak,Flotajou,앗차프,冷水猴,冷水猴,5,-,50,53,48,53,48,64,くいしんぼう,-,げきりゅう,みず,-,13.5,0
516,ヒヤッキー,Simipour,Sodachita,Flotoutan,앗차키,冷水猿,冷水猿,5,-,75,98,63,98,63,101,くいしんぼう,-,げきりゅう,みず,-,29,1
517,ムンナ,Munna,Somniam,Munna,몽나,食梦梦,食夢夢,5,-,76,25,45,67,55,24,よちむ,シンクロ,テレパシー,エスパー,-,23.3,0
518,ムシャーナ,Musharna,Somnivora,Mushana,몽얌나,梦梦蚀,夢夢蝕,5,-,116,55,85,107,95,29,よちむ,シンクロ,テレパシー,エスパー,-,60.5,1
519,マメパト,Pidove,Dusselgurr,Poichigeon,콩둘기,豆豆鸽,豆豆鴿,5,-,50,55,50,36,30,43,はとむね,きょううん,とうそうしん,ノーマル,ひこう,2.1,0
520,ハトーボー,Tranquill,Navitaub,Colombeau,유토브,咕咕鸽,咕咕鴿,5,-,62,77,62,50,42,65,はとむね,きょううん,とうそうしん,ノーマル,ひこう,15,0
521,ケンホロウ,Unfezant,Fasasnob,Déflaisan,켄호로우,高傲雉鸡,高傲雉雞,5,-,80,115,80,65,55,93,はとむね,きょううん,とうそうしん,ノーマル,ひこう,29,1
522,シママ,Blitzle,Elezeba,Zébribon,줄뮤마,斑斑马,斑斑馬,5,-,45,60,32,50,32,76,ひらいしん,でんきエンジン,そうしょく,でんき,-,29.8,0
523,ゼブライカ,Zebstrika,Zebritz,Zéblitz,제브라이카,雷电斑马,雷電斑馬,5,-,75,100,63,80,63,116,ひらいしん,でんきエンジン,そうしょく,でんき,-,79.5,1
524,ダンゴロ,Roggenrola,Kiesling,Nodulithe,단굴,石丸子,石丸子,5,-,55,75,85,25,25,15,がんじょう,すなおこし,すなのちから,いわ,-,18,0
525,ガントル,Boldore,Sedimantur,Géolithe,암트르,地幔岩,地幔岩,5,-,70,105,105,50,40,20,がんじょう,すなおこし,すなのちから,いわ,-,102,0
526,ギガイアス,Gigalith,Brockoloss,Gigalithe,기가이어스,庞岩怪,龐岩怪,5,-,85,135,130,60,80,25,がんじょう,すなおこし,すなのちから,いわ,-,260,1
527,コロモリ,Woobat,Fleknoil,Chovsourir,또르박쥐,滚滚蝙蝠,滾滾蝙蝠,5,-,65,45,43,55,43,72,てんねん,ぶきよう,たんじゅん,エスパー,ひこう,2.1,0
528,ココロモリ,Swoobat,Fletiamo,Rhinolove,맘박쥐,心蝙蝠,心蝙蝠,5,-,67,57,55,77,55,114,てんねん,ぶきよう,たんじゅん,エスパー,ひこう,10.5,1
529,モグリュー,Drilbur,Rotomurf,Rototaupe,두더류,螺钉地鼠,螺釘地鼠,5,-,60,85,40,30,45,68,すなかき,すなのちから,かたやぶり,じめん,-,8.5,0
530,ドリュウズ,Excadrill,Stalobor,Minotaupe,몰드류,龙头地鼠,龍頭地鼠,5,-,110,135,60,50,65,88,すなかき,すなのちから,かたやぶり,じめん,はがね,40.4,1
531,タブンネ,Audino,Ohrdoch,Nanméouïe,다부니,差不多娃娃,差不多娃娃,5,-,103,60,86,60,86,50,いやしのこころ,さいせいりょく,ぶきよう,ノーマル,-,31,1
531,メガタブンネ,Audino,Ohrdoch,Nanméouïe,다부니,差不多娃娃,差不多娃娃,6,メガシンカ,103,60,126,80,126,50,いやしのこころ,-,-,ノーマル,フェアリー,32,1
532,ドッコラー,Timburr,Praktibalk,Charpenti,으랏차,搬运小匠,搬運小匠,5,-,75,80,55,25,35,35,こんじょう,ちからずく,てつのこぶし,かくとう,-,12.5,0
533,ドテッコツ,Gurdurr,Strepoli,Ouvrifier,토쇠골,铁骨土人,鐵骨土人,5,-,85,105,85,40,50,40,こんじょう,ちからずく,てつのこぶし,かくとう,-,40,0
534,ローブシン,Conkeldurr,Meistagrif,Bétochef,노보청,修建老匠,修建老匠,5,-,105,140,95,55,65,45,こんじょう,ちからずく,てつのこぶし,かくとう,-,87,1
535,オタマロ,Tympole,Schallquap,Tritonde,동챙이,圆蝌蚪,圓蝌蚪,5,-,50,50,40,50,40,64,すいすい,-,ちょすい,みず,-,4.5,0
536,ガマガル,Palpitoad,Mebrana,Batracné,두까비,蓝蟾蜍,藍蟾蜍,5,-,75,65,55,65,55,69,すいすい,-,ちょすい,みず,じめん,17,0
537,ガマゲロゲ,Seismitoad,Branawarz,Crapustule,두빅굴,蟾蜍王,蟾蜍王,5,-,105,95,75,85,75,74,すいすい,どくしゅ,ちょすい,みず,じめん,62,1
538,ナゲキ,Throh,Jiutesto,Judokrak,던지미,投摔鬼,投摔鬼,5,-,120,100,85,30,85,45,こんじょう,せいしんりょく,かたやぶり,かくとう,-,55.5,1
539,ダゲキ,Sawk,Karadonis,Karaclée,타격귀,打击鬼,打擊鬼,5,-,75,125,75,30,75,85,がんじょう,せいしんりょく,かたやぶり,かくとう,-,51,1
540,クルミル,Sewaddle,Strawickl,Larveyette,두르보,虫宝包,蟲寶包,5,-,45,53,70,40,60,42,むしのしらせ,ようりょくそ,ぼうじん,むし,くさ,2.5,0
541,クルマユ,Swadloon,Folikon,Couverdure,두르쿤,宝包茧,寶包繭,5,-,55,63,90,50,80,42,リーフガード,ようりょくそ,ぼうじん,むし,くさ,7.3,0
542,ハハコモリ,Leavanny,Matrifol,Manternel,모아머,保姆虫,保母蟲,5,-,75,103,80,70,80,92,むしのしらせ,ようりょくそ,ぼうじん,むし,くさ,20.5,1
543,フシデ,Venipede,Toxiped,Venipatte,마디네,百足蜈蚣,百足蜈蚣,5,-,30,45,59,30,39,57,どくのトゲ,むしのしらせ,かそく,むし,どく,5.3,0
544,ホイーガ,Whirlipede,Rollum,Scobolide,휠구,车轮球,車輪毬,5,-,40,55,99,40,79,47,どくのトゲ,むしのしらせ,かそく,むし,どく,58.5,0
545,ペンドラー,Scolipede,Cerapendra,Brutapode,펜드라,蜈蚣王,蜈蚣王,5,-,60,100,89,55,69,112,どくのトゲ,むしのしらせ,かそく,むし,どく,200.5,1
546,モンメン,Cottonee,Waumboll,Doudouvet,소미안,木棉球,木棉球,5,-,40,27,60,37,50,66,いたずらごころ,すりぬけ,ようりょくそ,くさ,フェアリー,0.6,0
547,エルフーン,Whimsicott,Elfun,Farfaduvet,엘풍,风妖精,風妖精,5,-,60,67,85,77,75,116,いたずらごころ,すりぬけ,ようりょくそ,くさ,フェアリー,6.6,1
548,チュリネ,Petilil,Lilminip,Chlorobule,치릴리,百合根娃娃,百合根娃娃,5,-,45,35,50,70,50,30,ようりょくそ,マイペース,リーフガード,くさ,-,6.6,0
549,ドレディア,Lilligant,Dressella,Fragilady,드레디어,裙儿小姐,裙兒小姐,5,-,70,60,75,110,75,90,ようりょくそ,マイペース,リーフガード,くさ,-,16.3,1
550,バスラオ,Basculin,Barschuft,Bargantua,배쓰나이,野蛮鲈鱼,野蠻鱸魚,5,-,70,92,65,80,55,98,すてみ,てきおうりょく,かたやぶり,みず,-,18,1
551,メグロコ,Sandile,Ganovil,Mascaïman,깜눈크,黑眼鳄,黑眼鱷,5,-,50,72,35,35,35,65,いかく,じしんかじょう,いかりのつぼ,じめん,あく,15.2,0
552,ワルビル,Krokorok,Rokkaiman,Escroco,악비르,混混鳄,混混鱷,5,-,60,82,45,45,45,74,いかく,じしんかじょう,いかりのつぼ,じめん,あく,33.4,0
553,ワルビアル,Krookodile,Rabigator,Crocorible,악비아르,流氓鳄,流氓鱷,5,-,95,117,80,65,70,92,いかく,じしんかじょう,いかりのつぼ,じめん,あく,96.3,1
554,ダルマッカ,Darumaka,Flampion,Darumarond,달막화,火红不倒翁,火紅不倒翁,5,-,70,90,45,15,45,50,はりきり,せいしんりょく,-,ほのお,-,37.5,0
555,ヒヒダルマ,Darmanitan,Flampivian,Darumacho,불비달마,达摩狒狒,達摩狒狒,5,-,105,140,55,30,55,95,ちからずく,ダルマモード,ダルマモード,ほのお,-,92.9,1
555,ヒヒダルマ,Darmanitan,Flampivian,Darumacho,불비달마,达摩狒狒,達摩狒狒,5,ダルマモード,105,30,105,140,105,55,ちからずく,ダルマモード,ダルマモード,ほのお,エスパー,92.9,1
556,マラカッチ,Maractus,Maracamba,Maracachi,마라카치,沙铃仙人掌,沙鈴仙人掌,5,-,75,86,67,106,67,60,ちょすい,ようりょくそ,よびみず,くさ,-,28,1
557,イシズマイ,Dwebble,Lithomith,Crabicoque,돌살이,石居蟹,石居蟹,5,-,50,65,85,35,35,55,がんじょう,シェルアーマー,くだけるよろい,むし,いわ,14.5,0
558,イワパレス,Crustle,Castellith,Crabaraque,암팰리스,岩殿居蟹,岩殿居蟹,5,-,70,105,125,65,75,45,がんじょう,シェルアーマー,くだけるよろい,むし,いわ,200,1
559,ズルッグ,Scraggy,Zurrokex,Baggiguane,곤율랭,滑滑小子,滑滑小子,5,-,50,75,70,35,70,48,だっぴ,じしんかじょう,いかく,あく,かくとう,11.8,0
560,ズルズキン,Scrafty,Irokex,Baggaïd,곤율거니,头巾混混,頭巾混混,5,-,65,90,115,45,115,58,だっぴ,じしんかじょう,いかく,あく,かくとう,30,1
561,シンボラー,Sigilyph,Symvolara,Cryptéro,심보러,象征鸟,象徵鳥,5,-,72,58,80,103,80,97,ミラクルスキン,マジックガード,いろめがね,エスパー,ひこう,14,1
562,デスマス,Yamask,Makabaja,Tutafeh,데스마스,哭哭面具,哭哭面具,5,-,38,30,85,55,65,30,ミイラ,-,-,ゴースト,-,1.5,0
563,デスカーン,Cofagrigus,Echnatoll,Tutankafer,데스니칸,死神棺,死神棺,5,-,58,50,145,95,105,30,ミイラ,-,-,ゴースト,-,76.5,1
564,プロトーガ,Tirtouga,Galapaflos,Carapagos,프로토가,原盖海龟,原蓋海龜,5,-,54,78,103,53,45,22,ハードロック,がんじょう,すいすい,みず,いわ,16.5,0
565,アバゴーラ,Carracosta,Karippas,Mégapagos,늑골라,肋骨海龟,肋骨海龜,5,-,74,108,133,83,65,32,ハードロック,がんじょう,すいすい,みず,いわ,81,1
566,アーケン,Archen,Flapteryx,Arkéapti,아켄,始祖小鸟,始祖小鳥,5,-,55,112,45,74,45,70,よわき,-,-,いわ,ひこう,9.5,0
567,アーケオス,Archeops,Aeropteryx,Aéroptéryx,아케오스,始祖大鸟,始祖大鳥,5,-,75,140,65,112,65,110,よわき,-,-,いわ,ひこう,32,1
568,ヤブクロン,Trubbish,Unratütox,Miamiasme,깨봉이,破破袋,破破袋,5,-,50,50,62,40,62,65,あくしゅう,ねんちゃく,ゆうばく,どく,-,31,0
569,ダストダス,Garbodor,Deponitox,Miasmax,더스트나,灰尘山,灰塵山,5,-,80,95,82,60,82,75,あくしゅう,くだけるよろい,ゆうばく,どく,-,107.3,1
570,ゾロア,Zorua,Zorua,Zorua,조로아,索罗亚,索羅亞,5,-,40,65,40,80,40,65,イリュージョン,-,-,あく,-,12.5,0
571,ゾロアーク,Zoroark,Zoroark,Zoroark,조로아크,索罗亚克,索羅亞克,5,-,60,105,60,120,60,105,イリュージョン,-,-,あく,-,81.1,1
572,チラーミィ,Minccino,Picochilla,Chinchidou,치라미,泡沫栗鼠,泡沫栗鼠,5,-,55,50,40,40,40,75,メロメロボディ,テクニシャン,スキルリンク,ノーマル,-,5.8,0
573,チラチーノ,Cinccino,Chillabell,Pashmilla,치라치노,奇诺栗鼠,奇諾栗鼠,5,-,75,95,60,65,60,115,メロメロボディ,テクニシャン,スキルリンク,ノーマル,-,7.5,1
574,ゴチム,Gothita,Mollimorba,Scrutella,고디탱,哥德宝宝,哥德寶寶,5,-,45,30,50,55,65,45,おみとおし,かちき,かげふみ,エスパー,-,5.8,0
575,ゴチミル,Gothorita,Hypnomorba,Mesmérella,고디보미,哥德小童,哥德小童,5,-,60,45,70,75,85,55,おみとおし,かちき,かげふみ,エスパー,-,18,0
576,ゴチルゼル,Gothitelle,Morbitesse,Sidérella,고디모아젤,哥德小姐,哥德小姐,5,-,70,55,95,95,110,65,おみとおし,かちき,かげふみ,エスパー,-,44,1
577,ユニラン,Solosis,Monozyto,Nucléos,유니란,单卵细胞球,單卵細胞球,5,-,45,30,40,105,50,20,ぼうじん,マジックガード,さいせいりょく,エスパー,-,1,0
578,ダブラン,Duosion,Mitodos,Méios,듀란,双卵细胞球,雙卵細胞球,5,-,65,40,50,125,60,30,ぼうじん,マジックガード,さいせいりょく,エスパー,-,8,0
579,ランクルス,Reuniclus,Zytomega,Symbios,란쿨루스,人造细胞卵,人造細胞卵,5,-,110,65,75,125,85,30,ぼうじん,マジックガード,さいせいりょく,エスパー,-,20.1,1
580,コアルヒー,Ducklett,Piccolente,Couaneton,꼬지보리,鸭宝宝,鴨寶寶,5,-,62,44,50,44,50,55,するどいめ,はとむね,うるおいボディ,みず,ひこう,5.5,0
581,スワンナ,Swanna,Swaroness,Lakmécygne,스완나,舞天鹅,舞天鵝,5,-,75,87,63,87,63,98,するどいめ,はとむね,うるおいボディ,みず,ひこう,24.2,1
582,バニプッチ,Vanillite,Gelatini,Sorbébé,바닐프티,迷你冰,迷你冰,5,-,36,50,50,65,60,44,アイスボディ,ゆきがくれ,くだけるよろい,こおり,-,5.7,0
583,バニリッチ,Vanillish,Gelatroppo,Sorboul,바닐리치,多多冰,多多冰,5,-,51,65,65,80,75,59,アイスボディ,ゆきがくれ,くだけるよろい,こおり,-,41,0
584,バイバニラ,Vanilluxe,Gelatwino,Sorbouboul,배바닐라,双倍多多冰,雙倍多多冰,5,-,71,95,85,110,95,79,アイスボディ,ゆきがくれ,くだけるよろい,こおり,-,57.5,1
585,シキジカ,Deerling,Sesokitz,Vivaldaim,사철록,四季鹿,四季鹿,5,-,60,60,50,40,50,75,ようりょくそ,そうしょく,てんのめぐみ,ノーマル,くさ,19.5,0
586,メブキジカ,Sawsbuck,Kronjuwild,Haydaim,바라철록,萌芽鹿,萌芽鹿,5,-,80,100,70,60,70,95,ようりょくそ,そうしょく,てんのめぐみ,ノーマル,くさ,92.5,1
587,エモンガ,Emolga,Emolga,Emolga,에몽가,电飞鼠,電飛鼠,5,-,55,75,60,75,60,103,せいでんき,-,でんきエンジン,でんき,ひこう,5,1
588,カブルモ,Karrablast,Laukaps,Carabing,딱정곤,盖盖虫,蓋蓋蟲,5,-,50,75,45,40,45,60,むしのしらせ,だっぴ,ノーガード,むし,-,5.9,0
589,シュバルゴ,Escavalier,Cavalanzas,Lançargot,슈바르고,骑士蜗牛,騎士蝸牛,5,-,70,135,105,60,105,20,むしのしらせ,シェルアーマー,ぼうじん,むし,はがね,33,1
590,タマゲタケ,Foongus,Tarnpignon,Trompignon,깜놀버슬,哎呀球菇,哎呀球菇,5,-,69,55,45,55,55,15,ほうし,-,さいせいりょく,くさ,どく,1,0
591,モロバレル,Amoonguss,Hutsassa,Gaulet,뽀록나,败露球菇,敗露球菇,5,-,114,85,70,85,80,30,ほうし,-,さいせいりょく,くさ,どく,10.5,1
592,プルリル,Frillish,Quabbel,Viskuse,탱그릴,轻飘飘,輕飄飄,5,-,55,40,50,65,85,40,ちょすい,のろわれボディ,しめりけ,みず,ゴースト,33,0
593,ブルンゲル,Jellicent,Apoquallyp,Moyade,탱탱겔,胖嘟嘟,胖嘟嘟,5,-,100,60,70,85,105,60,ちょすい,のろわれボディ,しめりけ,みず,ゴースト,135,1
594,ママンボウ,Alomomola,Mamolida,Mamanbo,맘복치,保姆曼波,保母曼波,5,-,165,75,80,40,45,65,いやしのこころ,うるおいボディ,さいせいりょく,みず,-,31.6,1
595,バチュル,Joltik,Wattzapf,Statitik,피쪼옥,电电虫,電電蟲,5,-,50,47,50,57,50,65,ふくがん,きんちょうかん,むしのしらせ,むし,でんき,0.6,0
596,デンチュラ,Galvantula,Voltula,Mygavolt,전툴라,电蜘蛛,電蜘蛛,5,-,70,77,60,97,60,108,ふくがん,きんちょうかん,むしのしらせ,むし,でんき,14.3,1
597,テッシード,Ferroseed,Kastadur,Grindur,철시드,种子铁球,種子鐵球,5,-,44,50,91,24,86,10,てつのトゲ,てつのトゲ,-,くさ,はがね,18.8,0
598,ナットレイ,Ferrothorn,Tentantel,Noacier,너트령,坚果哑铃,堅果啞鈴,5,-,74,94,131,54,116,20,てつのトゲ,きけんよち,-,くさ,はがね,110,1
599,ギアル,Klink,Klikk,Tic,기어르,齿轮儿,齒輪兒,5,-,40,55,70,45,60,30,プラス,マイナス,クリアボディ,はがね,-,21,0
600,ギギアル,Klang,Kliklak,Clic,기기어르,齿轮组,齒輪組,5,-,60,80,95,70,85,50,プラス,マイナス,クリアボディ,はがね,-,51,0
601,ギギギアル,Klinklang,Klikdiklak,Cliticlic,기기기어르,齿轮怪,齒輪怪,5,-,60,100,115,70,85,90,プラス,マイナス,クリアボディ,はがね,-,81,1
602,シビシラス,Tynamo,Zapplardin,Anchwatt,저리어,麻麻小鱼,麻麻小魚,5,-,35,55,40,45,40,60,ふゆう,-,-,でんき,-,0.3,0
603,シビビール,Eelektrik,Zapplalek,Lampéroie,저리릴,麻麻鳗,麻麻鰻,5,-,65,85,70,75,70,40,ふゆう,-,-,でんき,-,22,0
604,シビルドン,Eelektross,Zapplarang,Ohmassacre,저리더프,麻麻鳗鱼王,麻麻鰻魚王,5,-,85,115,80,105,80,50,ふゆう,-,-,でんき,-,80.5,1
605,リグレー,Elgyem,Pygraulon,Lewsor,리그레,小灰怪,小灰怪,5,-,55,55,55,85,55,30,テレパシー,シンクロ,アナライズ,エスパー,-,9,0
606,オーベム,Beheeyem,Megalon,Neitram,벰크,大宇怪,大宇怪,5,-,75,75,75,125,95,40,テレパシー,シンクロ,アナライズ,エスパー,-,34.5,1
607,ヒトモシ,Litwick,Lichtel,Funécire,불켜미,烛光灵,燭光靈,5,-,50,30,55,65,55,20,もらいび,ほのおのからだ,すりぬけ,ゴースト,ほのお,3.1,0
608,ランプラー,Lampent,Laternecto,Mélancolux,램프라,灯火幽灵,燈火幽靈,5,-,60,40,60,95,60,55,もらいび,ほのおのからだ,すりぬけ,ゴースト,ほのお,13,0
609,シャンデラ,Chandelure,Skelabra,Lugulabre,샹델라,水晶灯火灵,水晶燈火靈,5,-,60,55,90,145,90,80,もらいび,ほのおのからだ,すりぬけ,ゴースト,ほのお,34.3,1
610,キバゴ,Axew,Milza,Coupenotte,터검니,牙牙,牙牙,5,-,46,87,60,30,40,57,とうそうしん,かたやぶり,きんちょうかん,ドラゴン,-,18,0
611,オノンド,Fraxure,Sharfax,Incisache,액슨도,斧牙龙,斧牙龍,5,-,66,117,70,40,50,67,とうそうしん,かたやぶり,きんちょうかん,ドラゴン,-,36,0
612,オノノクス,Haxorus,Maxax,Tranchodon,액스라이즈,双斧战龙,雙斧戰龍,5,-,76,147,90,60,70,97,とうそうしん,かたやぶり,きんちょうかん,ドラゴン,-,105.5,1
613,クマシュン,Cubchoo,Petznief,Polarhume,코고미,喷嚏熊,噴嚏熊,5,-,55,70,40,60,40,40,ゆきがくれ,ゆきかき,びびり,こおり,-,8.5,0
614,ツンベアー,Beartic,Siberio,Polagriffe,툰베어,冻原熊,凍原熊,5,-,95,130,80,70,80,50,ゆきがくれ,ゆきかき,すいすい,こおり,-,260,1
615,フリージオ,Cryogonal,Frigometri,Hexagel,프리지오,几何雪花,幾何雪花,5,-,80,50,50,95,135,105,ふゆう,-,-,こおり,-,148,1
616,チョボマキ,Shelmet,Schnuthelm,Escargaume,쪼마리,小嘴蜗,小嘴蝸,5,-,50,40,85,40,65,25,うるおいボディ,シェルアーマー,ぼうじん,むし,-,7.7,0
617,アギルダー,Accelgor,Hydragil,Limaspeed,어지리더,敏捷虫,敏捷蟲,5,-,80,70,40,100,60,145,うるおいボディ,ねんちゃく,かるわざ,むし,-,25.3,1
618,マッギョ,Stunfisk,Flunschlik,Limonde,메더,泥巴鱼,泥巴魚,5,-,109,66,84,81,99,32,せいでんき,じゅうなん,すながくれ,じめん,でんき,11,1
619,コジョフー,Mienfoo,Lin-Fu,Kungfouine,비조푸,功夫鼬,功夫鼬,5,-,45,85,50,55,50,65,せいしんりょく,さいせいりょく,すてみ,かくとう,-,20,0
620,コジョンド,Mienshao,Wie-Shu,Shaofouine,비조도,师父鼬,師父鼬,5,-,65,125,60,95,60,105,せいしんりょく,さいせいりょく,すてみ,かくとう,-,35.5,1
621,クリムガン,Druddigon,Shardrago,Drakkarmin,크리만,赤面龙,赤面龍,5,-,77,120,90,60,90,48,さめはだ,ちからずく,かたやぶり,ドラゴン,-,139,1
622,ゴビット,Golett,Golbit,Gringolem,골비람,泥偶小人,泥偶小人,5,-,59,74,50,35,50,35,てつのこぶし,ぶきよう,ノーガード,じめん,ゴースト,92,0
623,ゴルーグ,Golurk,Golgantes,Golemastoc,골루그,泥偶巨人,泥偶巨人,5,-,89,124,80,55,80,55,てつのこぶし,ぶきよう,ノーガード,じめん,ゴースト,330,1
624,コマタナ,Pawniard,Gladiantri,Scalpion,자망칼,驹刀小兵,駒刀小兵,5,-,45,85,70,40,40,60,まけんき,せいしんりょく,プレッシャー,あく,はがね,10.2,0
625,キリキザン,Bisharp,Caesurio,Scalproie,절각참,劈斩司令,劈斬司令,5,-,65,125,100,60,70,70,まけんき,せいしんりょく,プレッシャー,あく,はがね,70,1
626,バッフロン,Bouffalant,Bisofank,Frison,버프론,爆炸头水牛,爆炸頭水牛,5,-,95,110,95,40,95,55,すてみ,そうしょく,ぼうおん,ノーマル,-,94.6,1
627,ワシボン,Rufflet,Geronimatz,Furaiglon,수리둥보,毛头小鹰,毛頭小鷹,5,-,70,83,50,37,50,60,するどいめ,ちからずく,はりきり,ノーマル,ひこう,10.5,0
628,ウォーグル,Braviary,Washakwil,Gueriaigle,워글,勇士雄鹰,勇士雄鷹,5,-,100,123,75,57,75,80,するどいめ,ちからずく,まけんき,ノーマル,ひこう,41,1
629,バルチャイ,Vullaby,Skallyk,Vostourno,벌차이,秃鹰丫头,禿鷹丫頭,5,-,70,55,75,45,65,60,はとむね,ぼうじん,くだけるよろい,あく,ひこう,9,0
630,バルジーナ,Mandibuzz,Grypheldis,Vaututrice,버랜지나,秃鹰娜,禿鷹娜,5,-,110,65,105,55,95,80,はとむね,ぼうじん,くだけるよろい,あく,ひこう,39.5,1
631,クイタラン,Heatmor,Furnifraß,Aflamanoir,앤티골,熔蚁兽,熔蟻獸,5,-,85,97,66,105,66,65,くいしんぼう,もらいび,しろいけむり,ほのお,-,58,1
632,アイアント,Durant,Fermicula,Fermite,아이앤트,铁蚁,鐵蟻,5,-,58,109,112,48,48,109,むしのしらせ,はりきり,なまけ,むし,はがね,33,1
633,モノズ,Deino,Kapuno,Solochi,모노두,单首龙,單首龍,5,-,52,65,50,45,50,38,はりきり,-,-,あく,ドラゴン,17.3,0
634,ジヘッド,Zweilous,Duodino,Diamat,디헤드,双首暴龙,雙首暴龍,5,-,72,85,70,65,70,58,はりきり,-,-,あく,ドラゴン,50,0
635,サザンドラ,Hydreigon,Trikephalo,Trioxhydre,삼삼드래,三首恶龙,三首惡龍,5,-,92,105,90,125,90,98,ふゆう,-,-,あく,ドラゴン,160,1
636,メラルバ,Larvesta,Ignivor,Pyronille,활화르바,燃烧虫,燃燒蟲,5,-,55,85,55,50,55,60,ほのおのからだ,-,むしのしらせ,むし,ほのお,28.8,0
637,ウルガモス,Volcarona,Ramoth,Pyrax,불카모스,火神蛾,火神蛾,5,-,85,60,65,135,105,100,ほのおのからだ,-,むしのしらせ,むし,ほのお,46,1
638,コバルオン,Cobalion,Kobalium,Cobaltium,코바르온,勾帕路翁,勾帕路翁,5,-,91,90,129,90,72,108,せいぎのこころ,-,-,はがね,かくとう,250,1
639,テラキオン,Terrakion,Terrakium,Terrakium,테라키온,代拉基翁,代拉基翁,5,-,91,129,90,72,90,108,せいぎのこころ,-,-,いわ,かくとう,260,1
640,ビリジオン,Virizion,Viridium,Viridium,비리디온,毕力吉翁,畢力吉翁,5,-,91,90,72,90,129,108,せいぎのこころ,-,-,くさ,かくとう,200,1
641,トルネロス,Tornadus,Boreos,Boréas,토네로스,龙卷云,龍捲雲,5,-,79,115,70,125,80,111,いたずらごころ,-,まけんき,ひこう,-,63,1
641,トルネロス,Tornadus,Boreos,Boréas,토네로스,龙卷云,龍捲雲,5,霊獣フォルム,79,100,80,110,90,121,さいせいりょく,-,-,ひこう,-,63,1
642,ボルトロス,Thundurus,Voltolos,Fulguris,볼트로스,雷电云,雷電雲,5,-,79,115,70,125,80,111,いたずらごころ,-,まけんき,でんき,ひこう,61,1
642,ボルトロス,Thundurus,Voltolos,Fulguris,볼트로스,雷电云,雷電雲,5,霊獣フォルム,79,105,70,145,80,101,ちくでん,-,-,でんき,ひこう,61,1
643,レシラム,Reshiram,Reshiram,Reshiram,레시라무,莱希拉姆,萊希拉姆,5,-,100,120,100,150,120,90,ターボブレイズ,-,-,ドラゴン,ほのお,330,1
644,ゼクロム,Zekrom,Zekrom,Zekrom,제크로무,捷克罗姆,捷克羅姆,5,-,100,150,120,120,100,90,テラボルテージ,-,-,ドラゴン,でんき,345,1
645,ランドロス,Landorus,Demeteros,Démétéros,랜드로스,土地云,土地雲,5,-,89,125,90,115,80,101,すなのちから,-,ちからずく,じめん,ひこう,68,1
645,ランドロス,Landorus,Demeteros,Démétéros,랜드로스,土地云,土地雲,5,霊獣フォルム,89,145,90,105,80,91,いかく,-,-,じめん,ひこう,68,1
646,キュレム,Kyurem,Kyurem,Kyurem,큐레무,酋雷姆,酋雷姆,5,-,125,130,90,130,90,95,プレッシャー,-,-,ドラゴン,こおり,325,1
646,ブラックキュレム,Kyurem,Kyurem,Kyurem,큐레무,酋雷姆,酋雷姆,5,-,125,120,90,170,100,95,テラボルテージ,-,-,ドラゴン,こおり,325,1
646,ホワイトキュレム,Kyurem,Kyurem,Kyurem,큐레무,酋雷姆,酋雷姆,5,-,125,170,100,120,90,95,ターボブレイズ,-,-,ドラゴン,こおり,325,1
647,ケルディオ,Keldeo,Keldeo,Keldeo,케르디오,凯路迪欧,凱路迪歐,5,-,91,72,90,129,90,108,せいぎのこころ,-,-,みず,かくとう,48.5,1
647,ケルディオ,Keldeo,Keldeo,Keldeo,케르디오,凯路迪欧,凱路迪歐,5,かくごのすがた,91,72,90,129,90,108,せいぎのこころ,-,-,みず,かくとう,48.5,1
648,メロエッタ,Meloetta,Meloetta,Meloetta,메로엣타,美洛耶塔,美洛耶塔,5,ボイスフォーム,100,77,77,128,128,90,てんのめぐみ,-,-,ノーマル,エスパー,6.5,1
648,メロエッタ,Meloetta,Meloetta,Meloetta,메로엣타,美洛耶塔,美洛耶塔,5,ステップフォルム,100,128,90,77,77,128,てんのめぐみ,-,-,ノーマル,かくとう,6.5,1
649,ゲノセクト,Genesect,Genesect,Genesect,게노세크트,盖诺赛克特,蓋諾賽克特,5,-,71,120,95,120,95,99,ダウンロード,-,-,むし,はがね,82.5,1
650,ハリマロン,Chespin,Igamaro,Marisson,도치마론,哈力栗,哈力栗,6,-,56,61,65,48,45,38,しんりょく,-,ぼうだん,くさ,-,9,0
651,ハリボーグ,Quilladin,Igastarnish,Boguérisse,도치보구,胖胖哈力,胖胖哈力,6,-,61,78,95,56,58,57,しんりょく,-,ぼうだん,くさ,-,29,0
652,ブリガロン,Chesnaught,Brigaron,Blindépique,브리가론,布里卡隆,布里卡隆,6,-,88,107,122,74,75,64,しんりょく,-,ぼうだん,くさ,かくとう,90,1
653,フォッコ,Fennekin,Fynx,Feunnec,푸호꼬,火狐狸,火狐狸,6,-,40,45,40,62,60,60,もうか,-,マジシャン,ほのお,-,9.4,0
654,テールナー,Braixen,Rutena,Roussil,테르나,长尾火狐,長尾火狐,6,-,59,59,58,90,70,73,もうか,-,マジシャン,ほのお,-,14.5,0
655,マフォクシー,Delphox,Fennexis,Goupelin,마폭시,妖火红狐,妖火紅狐,6,-,75,69,72,114,100,104,もうか,-,マジシャン,ほのお,エスパー,39,1
656,ケロマツ,Froakie,Froxy,Grenousse,개구마르,呱呱泡蛙,呱呱泡蛙,6,-,41,56,40,62,44,71,げきりゅう,-,へんげんじざい,みず,-,7,0
657,ゲコガシラ,Frogadier,Amphizel,Croâporal,개굴반장,呱头蛙,呱頭蛙,6,-,54,63,52,83,56,97,げきりゅう,-,へんげんじざい,みず,-,10.9,0
658,ゲッコウガ,Greninja,Quajutsu,Amphinobi,개굴닌자,甲贺忍蛙,甲賀忍蛙,6,-,72,95,67,103,71,122,げきりゅう,-,へんげんじざい,みず,あく,40,1
658,ゲッコウガ,Greninja,Quajutsu,Amphinobi,개굴닌자,甲贺忍蛙,甲賀忍蛙,7,-,72,145,67,153,71,132,キズナヘンゲ,-,-,みず,あく,40,1
659,ホルビー,Bunnelby,Sapereau,Sapereau,파르빗,掘掘兔,掘掘兔,6,-,38,36,38,32,36,57,ものひろい,ほおぶくろ,ちからもち,ノーマル,-,5,0
660,ホルード,Diggersby,Grebbit,Excavarenne,파르토,掘地兔,掘地兔,6,-,85,56,77,50,77,78,ものひろい,ほおぶくろ,ちからもち,ノーマル,じめん,42.4,1
661,ヤヤコマ,Fletchling,Dartiri,Passerouge,화살꼬빈,小箭雀,小箭雀,6,-,45,50,43,40,38,62,はとむね,-,はやてのつばさ,ノーマル,ひこう,1.7,0
662,ヒノヤコマ,Fletchinder,Dartignis,Braisillon,불화살빈,火箭雀,火箭雀,6,-,62,73,55,56,52,84,ほのおのからだ,-,はやてのつばさ,ほのお,ひこう,16,0
663,ファイアロー,Talonflame,Fiaro,Flambusard,파이어로,烈箭鹰,烈箭鷹,6,-,78,81,71,74,69,126,ほのおのからだ,-,はやてのつばさ,ほのお,ひこう,24.5,1
664,コフキムシ,Scatterbug,Purmel,Lépidonille,분이벌레,粉蝶虫,粉蝶蟲,6,-,38,35,40,27,25,35,りんぷん,ふくがん,フレンドガード,むし,-,2.5,0
665,コフーライ,Spewpa,Puponcho,Pérégrain,분떠도리,粉蝶蛹,粉蝶蛹,6,-,45,22,60,27,30,29,だっぴ,-,フレンドガード,むし,-,8.4,0
666,ビビヨン,Vivillon,Vivillon,Prismillon,비비용,彩粉蝶,彩粉蝶,6,-,80,52,50,90,50,89,りんぷん,ふくがん,フレンドガード,むし,ひこう,17,1
667,シシコ,Litleo,Leufeo,Hélionceau,레오꼬,小狮狮,小獅獅,6,-,62,50,58,73,54,72,とうそうしん,きんちょうかん,じしんかじょう,ほのお,ノーマル,13.5,0
668,カエンジシ,Pyroar,Pyroleo,Némélios,화염레오,火炎狮,火炎獅,6,-,86,68,72,109,66,106,とうそうしん,きんちょうかん,じしんかじょう,ほのお,ノーマル,81.5,1
669,フラベベ,Flabébé,Flabébé,Flabébé,플라베베,花蓓蓓,花蓓蓓,6,-,44,38,39,61,79,42,フラワーベール,-,きょうせい,フェアリー,-,0.1,0
670,フラエッテ,Floette,Floette,Floette,플라엣테,花叶蒂,花葉蒂,6,-,54,45,47,75,98,52,フラワーベール,-,きょうせい,フェアリー,-,0.9,0
670,フラエッテ,Floette,Floette,Floette,플라엣테,花叶蒂,花葉蒂,6,AZ,74,65,67,125,128,92,フラワーベール,-,きょうせい,フェアリー,-,0.9,0
671,フラージェス,Florges,Florges,Florges,플라제스,花洁夫人,花潔夫人,6,-,78,65,68,112,154,75,フラワーベール,-,きょうせい,フェアリー,-,10,1
672,メェークル,Skiddo,Mähikel,Cabriolaine,메이클,坐骑小羊,坐騎小羊,6,-,66,65,48,62,57,52,そうしょく,-,くさのけがわ,くさ,-,31,0
673,ゴーゴート,Gogoat,Chevrumm,Chevroum,고고트,坐骑山羊,坐騎山羊,6,-,123,100,62,97,81,68,そうしょく,-,くさのけがわ,くさ,-,91,1
674,ヤンチャム,Pancham,Pam-Pam,Pandespiègle,판짱,顽皮熊猫,頑皮熊貓,6,-,67,82,62,46,48,43,てつのこぶし,かたやぶり,きもったま,かくとう,-,8,0
675,ゴロンダ,Pangoro,Pandagro,Pandarbare,부란다,流氓熊猫,流氓熊貓,6,-,95,124,78,69,71,58,てつのこぶし,かたやぶり,きもったま,あく,かくとう,136,1
676,トリミアン,Furfrou,Coiffwaff,Couafarel,트리미앙,多丽米亚,多麗米亞,6,-,75,80,60,65,90,102,ファーコート,-,-,ノーマル,-,28,1
677,ニャスパー,Espurr,Psiau,Psystigri,냐스퍼,妙喵,妙喵,6,-,62,48,54,63,60,68,するどいめ,すりぬけ,マイペース,エスパー,-,3.5,0
678,ニャオニクス,Meowstic,Psiaugon,Mistigrix,냐오닉스,超能妙喵,超能妙喵,6,オス,74,48,76,83,81,104,するどいめ,すりぬけ,いたずらごころ,エスパー,-,8.5,1
678,ニャオニクス,Meowstic,Psiaugon,Mistigrix,냐오닉스,超能妙喵,超能妙喵,6,メス,74,48,76,83,81,104,するどいめ,すりぬけ,かちき,エスパー,-,8.5,1
679,ヒトツキ,Honedge,Gramokles,Monorpale,단칼빙,独剑鞘,獨劍鞘,6,-,45,80,100,35,37,28,ノーガード,-,-,はがね,ゴースト,2,0
680,ニダンギル,Doublade,Duokles,Dimoclès,쌍검킬,双剑鞘,雙劍鞘,6,-,59,110,150,45,49,35,ノーガード,-,-,はがね,ゴースト,4.5,0
681,ギルガルド,Aegislash,Durengard,Exagide,킬가르도,坚盾剑怪,堅盾劍怪,6,シールドフォルム,60,50,150,50,150,60,バトルスイッチ,-,-,はがね,ゴースト,53,1
681,ギルガルド,Aegislash,Durengard,Exagide,킬가르도,坚盾剑怪,堅盾劍怪,6,アタックフォルム,60,150,50,150,50,60,バトルスイッチ,-,-,はがね,ゴースト,53,1
682,シュシュプ,Spritzee,Parfi,Fluvetin,슈쁘,粉香香,粉香香,6,-,78,52,60,63,65,23,いやしのこころ,-,アロマベール,フェアリー,-,0.5,0
683,フレフワン,Aromatisse,Parfinesse,Cocotine,프레프티르,芳香精,芳香精,6,-,101,72,72,99,89,29,いやしのこころ,-,アロマベール,フェアリー,-,15.5,1
684,ペロッパフ,Swirlix,Flauschling,Sucroquin,나룸퍼프,绵绵泡芙,綿綿泡芙,6,-,62,48,66,59,57,49,スイートベール,-,かるわざ,フェアリー,-,3.5,0
685,ペロリーム,Slurpuff,Sabbaione,Cupcanaille,나루림,胖甜妮,胖甜妮,6,-,82,80,86,85,75,72,スイートベール,-,かるわざ,フェアリー,-,5,1
686,マーイーカ,Inkay,Iscalar,Sepiatop,오케이징,好啦鱿,好啦魷,6,-,53,54,53,37,46,45,あまのじゃく,きゅうばん,すりぬけ,あく,エスパー,3.5,0
687,カラマネロ,Malamar,Calamanero,Sepiatroce,칼라마네로,乌贼王,烏賊王,6,-,86,92,88,68,75,73,あまのじゃく,きゅうばん,すりぬけ,あく,エスパー,47,1
688,カメテテ,Binacle,Bithora,Opermine,거북손손,龟脚脚,龜腳腳,6,-,42,52,67,39,56,50,かたいツメ,スナイパー,わるいてぐせ,いわ,みず,31,0
689,ガメノデス,Barbaracle,Thanathora,Golgopathe,거북손데스,龟足巨铠,龜足巨鎧,6,-,72,105,115,54,86,68,かたいツメ,スナイパー,わるいてぐせ,いわ,みず,96,1
690,クズモー,Skrelp,Algitt,Venalgue,수레기,垃垃藻,垃垃藻,6,-,50,60,60,60,60,30,どくのトゲ,どくしゅ,てきおうりょく,どく,みず,7.3,0
691,ドラミドロ,Dragalge,Tandrak,Kravarech,드래캄,毒藻龙,毒藻龍,6,-,65,75,90,97,123,44,どくのトゲ,どくしゅ,てきおうりょく,どく,ドラゴン,81.5,1
692,ウデッポウ,Clauncher,Scampisto,Flingouste,완철포,铁臂枪虾,鐵臂槍蝦,6,-,50,53,62,58,63,44,メガランチャー,-,-,みず,-,8.3,0
693,ブロスター,Clawitzer,Wummer,Gamblast,블로스터,钢炮臂虾,鋼炮臂蝦,6,-,71,73,88,120,89,59,メガランチャー,-,-,みず,-,35.3,1
694,エリキテル,Helioptile,Eguana,Galvaran,목도리키텔,伞电蜥,傘電蜥,6,-,44,38,33,61,43,70,かんそうはだ,すながくれ,サンパワー,でんき,ノーマル,6,0
695,エレザード,Heliolisk,Elezard,Iguolta,일레도리자드,光电伞蜥,光電傘蜥,6,-,62,55,52,109,94,109,かんそうはだ,すながくれ,サンパワー,でんき,ノーマル,21,1
696,チゴラス,Tyrunt,Balgoras,Ptyranidur,티고라스,宝宝暴龙,寶寶暴龍,6,-,58,89,77,45,45,48,がんじょうあご,-,がんじょう,いわ,ドラゴン,26,0
697,ガチゴラス,Tyrantrum,Monargoras,Rexillius,견고라스,怪颚龙,怪顎龍,6,-,82,121,119,69,59,71,がんじょうあご,-,いしあたま,いわ,ドラゴン,270,1
698,アマルス,Amaura,Amarino,Amagara,아마루스,冰雪龙,冰雪龍,6,-,77,59,50,67,63,46,フリーズスキン,-,ゆきふらし,いわ,こおり,25.2,0
699,アマルルガ,Aurorus,Amagarga,Dragmara,아마루르가,冰雪巨龙,冰雪巨龍,6,-,123,77,72,99,92,58,フリーズスキン,-,ゆきふらし,いわ,こおり,225,1
700,ニンフィア,Sylveon,Feelinara,Nymphali,님피아,仙子伊布,仙子伊布,6,-,95,65,65,110,130,60,メロメロボディ,-,フェアリースキン,フェアリー,-,23.5,1
701,ルチャブル,Hawlucha,Resladero,Brutalibré,루차불,摔角鹰人,摔角鷹人,6,-,78,92,75,74,63,118,じゅうなん,かるわざ,かたやぶり,かくとう,ひこう,21.5,1
702,デデンネ,Dedenne,Dedenne,Dedenne,데덴네,咚咚鼠,咚咚鼠,6,-,67,58,57,81,67,101,ほおぶくろ,ものひろい,プラス,でんき,フェアリー,2.2,1
703,メレシー,Carbink,Rocara,Strassie,멜리시,小碎钻,小碎鑽,6,-,50,50,150,50,150,50,クリアボディ,-,がんじょう,いわ,フェアリー,5.7,1
704,ヌメラ,Goomy,Viscora,Mucuscule,미끄메라,黏黏宝,黏黏寶,6,-,45,50,35,55,75,40,そうしょく,うるおいボディ,ぬめぬめ,ドラゴン,-,2.8,0
705,ヌメイル,Sliggoo,Viscargot,Colimucus,미끄네일,黏美儿,黏美兒,6,-,68,75,53,83,113,60,そうしょく,うるおいボディ,ぬめぬめ,ドラゴン,-,17.5,0
706,ヌメルゴン,Goodra,Viscogon,Muplodocus,미끄래곤,黏美龙,黏美龍,6,-,90,100,70,110,150,80,そうしょく,うるおいボディ,ぬめぬめ,ドラゴン,-,150.5,1
707,クレッフィ,Klefki,Clavion,Trousselin,클레피,钥圈儿,鑰圈兒,6,-,57,80,91,80,87,75,いたずらごころ,-,マジシャン,フェアリー,はがね,3,1
708,ボクレー,Phantump,Paragoni,Brocélôme,나목령,小木灵,小木靈,6,-,43,70,48,50,60,38,しぜんかいふく,おみとおし,しゅうかく,ゴースト,くさ,7,0
709,オーロット,Trevenant,Trombork,Desséliande,대로트,朽木妖,朽木妖,6,-,85,110,76,65,82,56,しぜんかいふく,おみとおし,しゅうかく,ゴースト,くさ,71,1
710,バケッチャ,Pumpkaboo,Irrbis,Pitrouille,호바귀,南瓜精,南瓜精,6,小,44,66,70,44,55,56,ものひろい,おみとおし,ふみん,ゴースト,くさ,15,0
710,バケッチャ,Pumpkaboo,Irrbis,Pitrouille,호바귀,南瓜精,南瓜精,6,普,49,66,70,44,55,51,ものひろい,おみとおし,ふみん,ゴースト,くさ,15,0
710,バケッチャ,Pumpkaboo,Irrbis,Pitrouille,호바귀,南瓜精,南瓜精,6,大,54,66,70,44,55,46,ものひろい,おみとおし,ふみん,ゴースト,くさ,15,0
710,バケッチャ,Pumpkaboo,Irrbis,Pitrouille,호바귀,南瓜精,南瓜精,6,特大,59,66,70,44,55,41,ものひろい,おみとおし,ふみん,ゴースト,くさ,15,0
711,パンプジン,Gourgeist,Pumpdjinn,Banshitrouye,펌킨인,南瓜怪人,南瓜怪人,6,小,55,85,122,58,75,99,ものひろい,おみとおし,ふみん,ゴースト,くさ,9.5,1
711,パンプジン,Gourgeist,Pumpdjinn,Banshitrouye,펌킨인,南瓜怪人,南瓜怪人,6,普,65,90,122,58,75,84,ものひろい,おみとおし,ふみん,ゴースト,くさ,12.5,1
711,パンプジン,Gourgeist,Pumpdjinn,Banshitrouye,펌킨인,南瓜怪人,南瓜怪人,6,大,75,95,122,58,75,69,ものひろい,おみとおし,ふみん,ゴースト,くさ,14,1
711,パンプジン,Gourgeist,Pumpdjinn,Banshitrouye,펌킨인,南瓜怪人,南瓜怪人,6,特大,85,100,122,58,75,54,ものひろい,おみとおし,ふみん,ゴースト,くさ,39,1
712,カチコール,Bergmite,Arktip,Grelaçon,꽁어름,冰宝,冰寶,6,-,55,69,85,32,35,28,マイペース,アイスボディ,がんじょう,こおり,-,99.5,0
713,クレベース,Avalugg,Arktilas,Séracrawl,크레베이스,冰岩怪,冰岩怪,6,-,95,117,184,44,46,28,マイペース,アイスボディ,がんじょう,こおり,-,505,1
714,オンバット,Noibat,eF-eM,Sonistrelle,음뱃,嗡蝠,嗡蝠,6,-,40,30,35,45,40,55,おみとおし,すりぬけ,テレパシー,ドラゴン,ひこう,8,0
715,オンバーン,Noivern,UHaFnir,Bruyverne,음번,音波龙,音波龍,6,-,85,70,80,97,80,123,おみとおし,すりぬけ,テレパシー,ドラゴン,ひこう,85,1
716,ゼルネアス,Xerneas,Xerneas,Xerneas,제르네아스,哲尔尼亚斯,哲爾尼亞斯,6,-,126,131,95,131,98,99,フェアリーオーラ,-,-,フェアリー,-,215,1
717,イベルタル,Yveltal,Yveltal,Yveltal,이벨타르,伊裴尔塔尔,伊裴爾塔爾,6,-,126,131,95,131,98,99,ダークオーラ,-,-,あく,ひこう,203,1
718,ジガルデ,Zygarde,Zygarde,Zygarde,지가르데,基格尔德,基格爾德,6,-,108,100,121,81,95,95,オーラブレイク,-,スワームチェンジ,ドラゴン,じめん,305,1
718,ジガルデ,Zygarde,Zygarde,Zygarde,지가르데,基格尔德,基格爾德,6,10%フォルム,54,100,71,61,85,115,オーラブレイク,-,スワームチェンジ,ドラゴン,じめん,33.5,1
718,ジガルデ,Zygarde,Zygarde,Zygarde,지가르데,基格尔德,基格爾德,6,パーフェクトフォルム,216,100,121,91,95,85,スワームチェンジ,-,-,ドラゴン,じめん,610,1
719,ディアンシー,Diancie,Diancie,Diancie,디안시,蒂安希,蒂安希,6,-,50,100,150,100,150,50,クリアボディ,-,-,いわ,フェアリー,8.8,1
719,メガディアンシー,Diancie,Diancie,Diancie,디안시,蒂安希,蒂安希,6,メガシンカ,50,160,110,160,110,110,マジックミラー,-,-,いわ,フェアリー,27.8,1
720,フーパ,Hoopa,Hoopa,Hoopa,후파,胡帕,胡帕,6,いましめのすがた,80,110,60,150,130,70,マジシャン,-,-,エスパー,ゴースト,9,1
720,フーパ,Hoopa,Hoopa,Hoopa,후파,胡帕,胡帕,6,かいほうのすがた,80,160,60,170,130,80,マジシャン,-,-,エスパー,あく,490,1
721,ボルケニオン,Volcanion,Volcanion,Volcanion,볼케니온,波尔凯尼恩,波爾凱尼恩,6,-,80,110,120,130,90,70,ちょすい,-,-,ほのお,みず,195,1
722,モクロー,Rowlet,Bauz,Brindibou,나몰빼미,木木枭,木木梟,7,-,68,55,55,50,50,42,しんりょく,-,えんかく,くさ,ひこう,1.5,0
723,フクスロー,Dartrix,Arboretoss,Efflèche,빼미스로우,投羽枭,投羽梟,7,-,78,75,75,70,70,52,しんりょく,-,えんかく,くさ,ひこう,16,0
724,ジュナイパー,Decidueye,Silvarro,Archéduc,모크나이퍼,狙射树枭,狙射樹梟,7,-,78,107,75,100,100,70,しんりょく,-,えんかく,くさ,ゴースト,36.6,1
725,ニャビー,Litten,Flamiau,Flamiaou,냐오불,火斑喵,火斑喵,7,-,45,65,40,60,40,70,もうか,-,いかく,ほのお,-,4.3,0
726,ニャヒート,Torracat,Miezunder,Matoufeu,냐오히트,炎热喵,炎熱喵,7,-,65,85,50,80,50,90,もうか,-,いかく,ほのお,-,25,0
727,ガオガエン,Incineroar,Fuegro,Félinferno,어흥염,炽焰咆哮虎,熾焰咆哮虎,7,-,95,115,90,80,50,60,もうか,-,いかく,ほのお,あく,83,1
728,アシマリ,Popplio,Robball,Otaquin,누리공,球球海狮,球球海獅,7,-,50,54,54,66,56,40,げきりゅう,-,うるおいボイス,みず,-,7.5,0
729,オシャマリ,Brionne,Marikeck,Otarlette,키요공,花漾海狮,花漾海獅,7,-,60,69,69,91,81,50,げきりゅう,-,うるおいボイス,みず,-,17.5,0
730,アシレーヌ,Primarina,Primarene,Oratoria,누리레느,西狮海壬,西獅海壬,7,-,80,74,74,126,116,60,げきりゅう,-,うるおいボイス,みず,フェアリー,44,1
731,ツツケラ,Pikipek,Peppeck,Picassaut,콕코구리,小笃儿,小篤兒,7,-,35,75,30,30,30,65,するどいめ,スキルリンク,ものひろい,ノーマル,ひこう,1.2,0
732,ケララッパ,Trumbeak,Trompeck,Piclairon,크라파,喇叭啄鸟,喇叭啄鳥,7,-,55,85,50,40,50,75,するどいめ,スキルリンク,ものひろい,ノーマル,ひこう,1.2,0
733,ドデカバシ,Toucannon,Tukanon,Bazoucan,왕큰부리,铳嘴大鸟,銃嘴大鳥,7,-,80,120,75,75,75,60,するどいめ,スキルリンク,ものひろい,ノーマル,ひこう,1.2,1
734,ヤングース,Yungoos,Mangunior,Manglouton,영구스,猫鼬少,貓鼬少,7,-,48,70,30,30,30,45,はりこみ,がんじょうあご,てきおうりょく,ノーマル,-,6,0
735,デカグース,Gumshoos,Manguspektor,Argouste,형사구스,猫鼬探长,貓鼬探長,7,-,88,110,60,55,60,45,はりこみ,がんじょうあご,てきおうりょく,ノーマル,-,14.2,1
736,アゴジムシ,Grubbin,Mabula,Larvibule,턱지충이,强颚鸡母虫,強顎雞母蟲,7,-,47,62,45,55,45,46,むしのしらせ,-,-,むし,-,4.4,0
737,デンヂムシ,Charjabug,Akkup,Chrysapile,전지충이,虫电宝,蟲電寶,7,-,57,82,95,55,75,36,バッテリー,-,-,むし,でんき,10.5,0
738,クワガノン,Vikavolt,Donarion,Lucanon,투구뿌논,锹农炮虫,鍬農炮蟲,7,-,77,70,90,145,75,43,ふゆう,-,-,むし,でんき,45,1
739,マケンカニ,Crabrawler,Krabbox,Crabagarre,오기지게,好胜蟹,好勝蟹,7,-,47,82,57,42,47,63,かいりきバサミ,てつのこぶし,いかりのつぼ,かくとう,-,7,0
740,ケケンカニ,Crabominable,Krawell,Crabominable,모단단게,好胜毛蟹,好勝毛蟹,7,-,97,132,77,62,67,43,かいりきバサミ,てつのこぶし,いかりのツボ,かくとう,こおり,7,1
741,オドリドリ,Oricorio,Choreogel,Plumeline,춤추새,花舞鸟,花舞鳥,7,めらめらスタイル,75,70,70,98,70,93,おどりこ,-,-,ほのお,ひこう,3.4,1
741,オドリドリ,Oricorio,Choreogel,Plumeline,춤추새,花舞鸟,花舞鳥,7,ぱちぱちスタイル,75,70,70,98,70,93,おどりこ,-,-,でんき,ひこう,3.4,1
741,オドリドリ,Oricorio,Choreogel,Plumeline,춤추새,花舞鸟,花舞鳥,7,ふらふらスタイル,75,70,70,98,70,93,おどりこ,-,-,エスパー,ひこう,3.4,1
741,オドリドリ,Oricorio,Choreogel,Plumeline,춤추새,花舞鸟,花舞鳥,7,まいまいスタイル,75,70,70,98,70,93,おどりこ,-,-,ゴースト,ひこう,3.4,1
742,アブリー,Cutiefly,Wommel,Bombydou,에블리,萌虻,萌虻,7,-,40,45,40,55,40,84,みつあつめ,りんぷん,スイートベール,むし,フェアリー,0.2,0
743,アブリボン,Ribombee,Bandelby,Rubombelle,에리본,蝶结萌虻,蝶結萌虻,7,-,60,55,60,95,70,124,みつあつめ,りんぷん,スイートベール,むし,フェアリー,0.5,1
744,イワンコ,Rockruff,Wuffels,Rocabot,암멍이,岩狗狗,岩狗狗,7,-,45,65,40,30,40,60,するどいめ,やるき,ふくつのこころ,いわ,-,9.2,0
745,ルガルガン,Lycanroc,Wolwerock,Lougaroc,루가루암,鬃岩狼人,鬃岩狼人,7,まひるのすがた,75,115,65,55,65,112,するどいめ,すなかき,ふくつのこころ,いわ,-,25,1
745,ルガルガン,Lycanroc,Wolwerock,Lougaroc,루가루암,鬃岩狼人,鬃岩狼人,7,まよなかのすがた,85,115,75,55,75,82,するどいめ,やるき,ノーガード,いわ,-,25,1
745,ルガルガン,Lycanroc,Wolwerock,Lougaroc,루가루암,鬃岩狼人,鬃岩狼人,7,たそがれのすがた,75,117,65,55,65,110,かたいツメ,-,-,いわ,-,25,1
746,ヨワシ,Wishiwashi,Lusardin,Froussardine,약어리,弱丁鱼,弱丁魚,7,たんどくのすがた,45,20,20,25,25,40,ぎょぐん,-,ぎょぐん,みず,-,0.3,1
746,ヨワシ,Wishiwashi,Lusardin,Froussardine,약어리,弱丁鱼,弱丁魚,7,むれたすがた,45,140,130,140,135,30,ぎょぐん,-,ぎょぐん,みず,-,78.6,1
747,ヒドイデ,Mareanie,Garstella,Vorastérie,시마사리,好坏星,好壞星,7,-,50,53,62,43,52,45,ひとでなし,じゅうなん,さいせいりょく,ノーマル,ドラゴン,185,0
748,ドヒドイデ,Toxapex,Aggrostella,Prédastérie,더시마사리,超坏星,超壞星,7,-,50,63,152,53,142,35,ひとでなし,じゅうなん,さいせいりょく,どく,みず,185,1
749,ドロバンコ,Mudbray,Pampuli,Tiboudet,머드나기,泥驴仔,泥驢仔,7,-,70,100,70,45,55,45,マイペース,じきゅうりょく,-,じめん,-,110,0
750,バンバドロ,Mudsdale,Pampross,Bourrinos,만마드,重泥挽马,重泥挽馬,7,-,100,125,100,55,85,35,マイペース,じきゅうりょく,-,じめん,-,920,1
751,シズクモ,Dewpider,Araqua,Araqua,물거미,滴蛛,滴蛛,7,-,38,40,52,40,72,27,すいほう,-,ちょすい,ノーマル,ドラゴン,185,0
752,オニシズクモ,Araquanid,Aranestro,Tarenbulle,깨비물거미,滴蛛霸,滴蛛霸,7,-,68,70,92,50,132,42,すいほう,-,ちょすい,みず,むし,185,1
753,カリキリ,Fomantis,Imantis,Mimantis,짜랑랑,伪螳草,偽螳草,7,-,40,55,35,50,35,35,リーフガード,-,あまのじゃく,くさ,-,1.5,0
754,ラランテス,Lurantis,Mantidea,Floramantis,라란티스,兰螳花,蘭螳花,7,-,70,105,90,80,90,45,リーフガード,-,あまのじゃく,くさ,-,18.5,1
755,ネマシュ,Morelull,Bubungus,Spododo,자마슈,睡睡菇,睡睡菇,7,-,40,35,55,65,75,15,はっこう,ほうし,あめうけざら,くさ,フェアリー,1.5,0
756,マシェード,Shiinotic,Lamellux,Lampignon,마셰이드,灯罩夜菇,燈罩夜菇,7,-,60,45,80,90,100,30,はっこう,ほうし,あめうけざら,くさ,フェアリー,1.5,1
757,ヤトウモリ,Salandit,Molunk,Tritox,야도뇽,夜盗火蜥,夜盜火蜥,7,-,48,44,40,71,40,77,ふしょく,-,どんかん,どく,ほのお,4.8,0
758,エンニュート,Salazzle,Amfira,Malamandre,염뉴트,焰后蜥,焰后蜥,7,-,68,64,60,111,60,117,ふしょく,-,どんかん,どく,ほのお,4.8,1
759,ヌイコグマ,Stufful,Velursi,Nounourson,포곰곰,童偶熊,童偶熊,7,-,70,75,50,45,50,50,もふもふ,ぶきよう,メロメロボディ,ノーマル,かくとう,6.8,0
760,キテルグマ,Bewear,Kosturso,Chelours,이븐곰,穿着熊,穿著熊,7,-,120,125,80,55,60,60,もふもふ,ぶきよう,きんちょうかん,ノーマル,かくとう,135,1
761,アマカジ,Bounsweet,Frubberl,Croquine,달콤아,甜竹竹,甜竹竹,7,-,42,30,38,30,38,32,リーフガード,どんかん,スイートベール,くさ,-,3.2,0
762,アママイコ,Steenee,Frubaila,Candine,달무리나,甜舞妮,甜舞妮,7,-,52,40,48,40,48,62,リーフガード,どんかん,スイートベール,くさ,-,8.2,0
763,アマージョ,Tsareena,Fruyal,Sucreine,달코퀸,甜冷美后,甜冷美后,7,-,72,120,98,50,98,72,リーフガード,じょおうのいげん,スイートベール,くさ,-,21.4,1
764,キュワワー,Comfey,Curelei,Guérilande,큐아링,花疗环环,花療環環,7,-,51,52,90,82,110,100,フラワーベール,ヒーリングシフト,しぜんかいふく,フェアリー,-,0.3,1
765,ヤレユータン,Oranguru,Kommandutan,Gouroutan,하랑우탄,智挥猩,智揮猩,7,-,90,60,80,90,110,60,せいしんりょく,テレパシー,きょうせい,ノーマル,エスパー,76,1
766,ナゲツケサル,Passimian,Quartermak,Quartermac,내던숭이,投掷猴,投擲猴,7,-,100,120,90,40,60,80,レシーバー,-,まけんき,かくとう,-,82.8,1
767,コソクムシ,Wimpod,Reißlaus,Sovkipou,꼬시레,胆小虫,膽小蟲,7,-,25,35,40,20,30,80,にげごし,-,-,むし,みず,12,0
768,グソクムシャ,Golisopod,Tectass,Sarmuraï,갑주무사,具甲武者,具甲武者,7,-,75,125,140,60,90,40,ききかいひ,-,-,むし,みず,12,1
769,スナバァ,Sandygast,Sankabuh,Bacabouh,모래꿍,沙丘娃,沙丘娃,7,-,55,55,80,70,45,15,みずがため,-,すながくれ,ゴースト,じめん,70,0
770,シロデスナ,Palossand,Colossand,Trépassable,모래성이당,噬沙堡爷,噬沙堡爺,7,-,85,75,110,100,75,35,みずがため,-,すながくれ,ゴースト,じめん,10,1
771,ナマコブシ,Pyukumuku,Gufa,Concombaffe,해무기,拳海参,拳海參,7,-,55,60,130,30,130,5,とびだすなかみ,-,てんねん,みず,-,1.2,1
772,タイプ：ヌル,Type: Null,Typ:Null,Type:0,타입:널,属性：空,屬性：空,7,-,95,95,95,95,95,59,カブトアーマー,-,-,ノーマル,-,120.5,0
773,シルヴァディ,Silvally,Amigento,Silvallié,실버디,银伴战兽,銀伴戰獸,7,-,95,95,95,95,95,95,ＡＲシステム,-,-,ノーマル,-,100.5,1
774,メテノ,Minior,Meteno,Météno,메테노,小陨星,小隕星,7,-,60,60,100,60,100,60,リミットシールド,-,-,いわ,ひこう,40,1
774,メテノ,Minior,Meteno,Météno,메테노,小陨星,小隕星,7,-,60,100,60,100,60,120,リミットシールド,-,-,いわ,ひこう,40,1
775,ネッコアラ,Komala,Koalelu,Dodoala,자말라,树枕尾熊,樹枕尾熊,7,-,65,115,65,75,95,65,ぜったいねむり,-,-,ノーマル,-,19.9,1
776,バクガメス,Turtonator,Tortunator,Boumata,폭거북스,爆焰龟兽,爆焰龜獸,7,-,60,78,135,91,85,36,シェルアーマー,-,-,ほのお,ドラゴン,212,1
777,トゲデマル,Togedemaru,Togedemaru,Togedemaru,토게데마루,托戈德玛尔,托戈德瑪爾,7,-,65,98,63,40,73,96,てつのトゲ,ひらいしん,がんじょう,でんき,はがね,3.3,1
778,ミミッキュ,Mimikyu,Mimigma,Mimiqui,따라큐,谜拟Ｑ,謎擬Ｑ,7,-,55,90,80,50,105,96,ばけのかわ,-,-,ゴースト,フェアリー,0.7,1
779,ハギギシリ,Bruxish,Knirfish,Denticrisse,치갈기,磨牙彩皮鱼,磨牙彩皮魚,7,-,68,105,70,70,70,92,ビビッドボディ,がんじょうあご,ミラクルスキン,みず,エスパー,19,1
780,ジジーロン,Drampa,Sen-Long,Draïeul,할비롱,老翁龙,老翁龍,7,-,78,60,85,135,91,36,ぎゃくじょう,そうしょく,ノーてんき,ノーマル,ドラゴン,185,1
781,ダダリン,Dhelmise,Moruda,Sinistrail,타타륜,破破舵轮,破破舵輪,7,-,70,131,100,86,90,40,はがねつかい,-,-,ゴースト,くさ,185,1
782,ジャラコ,Jangmo-o,Miniras,Bébécaille,짜랑꼬,心鳞宝,心鱗寶,7,-,45,55,65,45,45,45,ぼうだん,ぼうおん,ぼうじん,ドラゴン,-,29.7,0
783,ジャランゴ,Hakamo-o,Mediras,Écaïd,짜랑고우,鳞甲龙,鱗甲龍,7,-,55,75,90,65,70,65,ぼうだん,ぼうおん,ぼうじん,ドラゴン,かくとう,47,0
784,ジャラランガ,Kommo-o,Grandiras,Ékaïser,짜랑고우거,杖尾鳞甲龙,杖尾鱗甲龍,7,-,75,110,125,100,105,85,ぼうだん,ぼうおん,ぼうじん,ドラゴン,かくとう,78.2,1
785,カプ・コケコ,Tapu Koko,Kapu-Riki,Tokorico,카푸꼬꼬꼭,卡璞・鸣鸣,卡璞・鳴鳴,7,-,70,115,85,95,75,130,エレキメーカー,-,テレパシー,でんき,フェアリー,20.5,1
786,カプ・テテフ,Tapu Lele,Kapu-Fala,Tokopiyon,카푸나비나,卡璞・蝶蝶,卡璞・蝶蝶,7,-,70,85,75,130,115,95,サイコメイカー,-,テレパシー,エスパー,フェアリー,18.6,1
787,カプ・ブルル,Tapu Bulu,Kapu-Toro,Tokotoro,카푸브루루,卡璞・哞哞,卡璞・哞哞,7,-,70,130,115,85,95,75,グラスメイカー,-,テレパシー,くさ,フェアリー,45.5,1
788,カプ・レヒレ,Tapu Fini,Kapu-Kime,Tokopisco,카푸느지느,卡璞・鳍鳍,卡璞・鰭鰭,7,-,70,75,115,95,130,85,ミストメイカー,-,テレパシー,みず,フェアリー,21.2,1
789,コスモッグ,Cosmog,Cosmog,Cosmog,코스모그,科斯莫古,科斯莫古,7,-,43,29,31,29,31,37,てんねん,-,-,エスパー,-,0.1,0
790,コスモウム,Cosmoem,Cosmovum,Cosmovum,코스모움,科斯莫姆,科斯莫姆,7,-,43,29,131,29,131,37,がんじょう,-,-,エスパー,-,999.9,0
791,ソルガレオ,Solgaleo,Solgaleo,Solgaleo,솔가레오,索尔迦雷欧,索爾迦雷歐,7,-,137,137,107,113,89,97,メタルプロテクト,-,-,エスパー,はがね,230,1
792,ルナアーラ,Lunala,Lunala,Lunala,루나아라,露奈雅拉,露奈雅拉,7,-,137,113,89,137,107,97,ファントムガード,-,-,エスパー,ゴースト,120,1
793,ウツロイド,Nihilego,Anego,Zéroïd,텅비드,虚吾伊德,虛吾伊德,7,-,109,53,47,127,131,103,ビーストブースト,-,-,いわ,どく,55.5,1
794,マッシブーン,Buzzwole,Masskito,Mouscoto,매시붕,爆肌蚊,爆肌蚊,7,-,107,139,139,53,53,79,ビーストブースト,-,-,むし,かくとう,333.6,1
795,フェローチェ,Pheromosa,Schabelle,Cancrelove,페로코체,费洛美螂,費洛美螂,7,-,71,137,37,137,37,151,ビーストブースト,-,-,むし,かくとう,25,1
796,デンジュモク,Xurkitree,Voltriant,Câblifère,전수목,电束木,電束木,7,-,83,89,71,173,71,83,ビーストブースト,-,-,でんき,-,100,1
797,テッカグヤ,Celesteela,Kaguron,Bamboiselle,철화구야,铁火辉夜,鐵火輝夜,7,-,97,101,103,107,101,61,ビーストブースト,-,-,はがね,ゴースト,999.9,1
798,カミツルギ,Kartana,Katagami,Katagami,종이신도,纸御剑,紙御劍,7,-,59,181,131,59,31,109,ビーストブースト,-,-,くさ,はがね,0.1,1
799,アクジキング,Guzzlord,Schlingking,Engloutyran,악식킹,恶食大王,惡食大王,7,-,223,101,53,97,53,43,ビーストブースト,-,-,ドラゴン,あく,888.8,1
800,ネクロズマ,Necrozma,Necrozma,Necrozma,네크로즈마,奈克洛兹玛,奈克洛茲瑪,7,-,97,107,101,127,89,79,プリズムアーマー,-,-,エスパー,-,230,1
800,ネクロズマ,Necrozma,Necrozma,Necrozma,네크로즈마,奈克洛兹玛,奈克洛茲瑪,7,月食のすがた,97,113,109,157,127,77,プリズムアーマー,-,-,エスパー,はがね,460,1
800,ネクロズマ,Necrozma,Necrozma,Necrozma,네크로즈마,奈克洛兹玛,奈克洛茲瑪,7,日食のすがた,97,157,127,113,109,77,プリズムアーマー,-,-,エスパー,ゴースト,350,1
800,ネクロズマ,Necrozma,Necrozma,Necrozma,네크로즈마,奈克洛兹玛,奈克洛茲瑪,7,U,97,167,97,167,97,129,ブレインフォース,-,-,エスパー,ドラゴン,230,1
801,マギアナ,Magearna,Magearna,Magearna,마기아나,玛机雅娜,瑪機雅娜,7,-,80,95,115,130,115,65,ソウルハート,-,-,はがね,フェアリー,80.5,1
802,マーシャドー,Marshadow,Marshadow,Marshadow,마샤도,玛夏多,瑪夏多,7,-,90,125,80,90,90,125,テクニシャン,-,-,かくとう,ゴースト,22.2,1
803,ベベノム,Poipole,Venicro,Vémini,베베놈,毒贝比,毒貝比,7,-,67,73,67,73,67,73,ビーストブースト,-,-,どく,-,1.8,0
804,アーゴヨン,Naganadel,Agoyon,Mandrillon,아고용,四颚针龙,四顎針龍,7,-,73,73,73,127,73,121,ビーストブースト,-,-,どく,ドラゴン,150,1
805,ツンデツンデ,Stakataka,Muramura,Ama-Ama,차곡차곡,垒磊石,壘磊石,7,-,61,131,211,53,101,13,ビーストブースト,-,-,いわ,はがね,820,1
806,ズガドーン,Blacephalon,Kopplosio,Pierroteknik,두파팡,砰头小丑,砰頭小丑,7,-,53,127,53,151,79,107,ビーストブースト,-,-,ほのお,ゴースト,13,1
807,ゼラオラ,Zeraora,Zeraora,Zeraora,제라오라,捷拉奥拉,捷拉奧拉,7,-,88,112,75,102,80,143,ちくでん,-,-,でんき,-,44.5,1